customerID,firstName,lastName,email,phoneNumber,address,createDate,lastUpdateDate
1,Sayer,Saldler,ssaldler0@slashdot.org,4135910807,8059 Ramsey Road,11/30/2019,1/7/2020
2,Francklyn,Trethowan,ftrethowan1@google.it,8216793658,41203 Prairie Rose Junction,7/31/2018,2/11/2020
3,Stefanie,Kippax,skippax2@aol.com,9526045623,58 Surrey Point,4/14/2020,2/6/2020
4,Weylin,Comello,wcomello3@columbia.edu,7694877691,58 Sage Point,10/11/2017,2/22/2021
5,Letti,Gabbitus,lgabbitus4@sourceforge.net,1331526363,22816 Gale Hill,4/10/2020,4/7/2020
6,Wilie,Stolz,wstolz5@purevolume.com,6571487329,0 Jay Junction,10/9/2020,6/16/2021
7,Giulia,Deans,gdeans6@about.com,6353698006,79096 Mifflin Junction,6/28/2020,6/23/2020
8,Kaspar,Lyndon,klyndon7@indiatimes.com,4756677719,9 Stone Corner Alley,11/2/2019,5/15/2021
9,Dew,Mustill,dmustill8@google.ru,5981512118,4830 Acker Lane,10/12/2020,3/4/2021
10,Tomaso,Gullane,tgullane9@amazon.de,6087006846,4 Manitowish Way,12/15/2018,1/6/2021
11,Kirstyn,Halhead,khalheada@seesaa.net,5498059352,99472 2nd Drive,12/20/2019,11/22/2019
12,Janos,Janaud,jjanaudb@dion.ne.jp,2994472609,318 Oak Drive,7/6/2020,9/3/2021
13,Ali,Jewiss,ajewissc@list-manage.com,6243962987,2 Oxford Terrace,3/8/2020,11/5/2021
14,Dennison,Sangwin,dsangwind@godaddy.com,3634825914,430 Morrow Circle,12/10/2018,4/26/2020
15,Reagen,Nunan,rnunane@hp.com,6466003637,07888 Arizona Junction,7/26/2018,4/10/2020
16,Charmian,Rubinsky,crubinskyf@latimes.com,7149425182,74271 Gale Street,5/4/2020,3/7/2020
17,Cortney,Pollitt,cpollittg@cocolog-nifty.com,9312304979,28 Blackbird Way,11/8/2017,2/16/2022
18,Robin,Brent,rbrenth@clickbank.net,9099288999,597 Sycamore Terrace,2/20/2019,7/17/2021
19,Aurthur,Fossitt,afossitti@cmu.edu,6672514573,775 Warbler Junction,10/24/2017,6/1/2020
20,Ilyse,Gofforth,igofforthj@alexa.com,4033413514,454 Dahle Alley,12/2/2019,3/18/2020
21,Glennis,Hamer,ghamerk@ucla.edu,9442995749,66930 Armistice Way,9/17/2018,1/24/2020
22,Gennifer,Peltzer,gpeltzerl@dedecms.com,9943820204,883 Hintze Avenue,12/18/2020,12/30/2019
23,Ellwood,Cammoile,ecammoilem@hugedomains.com,3949319819,926 Annamark Lane,7/5/2020,4/17/2020
24,Catina,Micka,cmickan@php.net,9821627215,777 Red Cloud Avenue,12/22/2019,8/24/2021
25,Boony,Weekland,bweeklando@sourceforge.net,2666164802,86825 David Junction,10/24/2017,8/3/2021
26,Wandie,Sheward,wshewardp@fastcompany.com,9904526587,94394 Hanson Way,6/22/2018,6/29/2020
27,Tiff,Filippyev,tfilippyevq@pcworld.com,6901765099,622 John Wall Point,7/19/2018,8/21/2021
28,Ellery,Walder,ewalderr@google.com,6973021032,4864 Pennsylvania Way,10/25/2020,11/9/2021
29,Shayne,Joel,sjoels@etsy.com,5098010482,4 Butterfield Alley,1/4/2020,3/9/2020
30,Giffie,Bows,gbowst@rakuten.co.jp,9864075937,7151 High Crossing Circle,9/13/2018,8/14/2021
31,Sigismund,Rouzet,srouzetu@constantcontact.com,4056343107,9826 Arkansas Plaza,4/21/2020,4/3/2022
32,Samantha,Geram,sgeramv@uiuc.edu,2244673659,47 Debra Drive,1/4/2021,4/12/2020
33,Samuele,Ramsdale,sramsdalew@tiny.cc,2176174653,356 Paget Park,9/20/2018,9/11/2021
34,Shannah,Geal,sgealx@jiathis.com,6783724547,9542 Weeping Birch Circle,8/4/2020,12/28/2020
35,Dasha,Olorenshaw,dolorenshawy@usda.gov,5161944937,98 2nd Point,1/21/2018,11/11/2020
36,Jobi,Ashall,jashallz@plala.or.jp,2708198265,52 Drewry Hill,6/4/2019,3/24/2022
37,Kellsie,Flemyng,kflemyng10@pbs.org,6833194235,4 Waubesa Road,11/15/2019,11/20/2020
38,Kristen,Thirkettle,kthirkettle11@spiegel.de,6279122872,7975 Dwight Plaza,12/12/2017,2/28/2020
39,Cherrita,Casiero,ccasiero12@ovh.net,2662304708,266 Anniversary Trail,8/30/2018,11/21/2019
40,Micheline,Pyrton,mpyrton13@europa.eu,2775290082,68 Arapahoe Lane,4/30/2018,1/21/2020
41,Shae,Hendrix,shendrix14@github.com,9865186191,5184 Northport Way,2/20/2019,11/20/2021
42,Wake,Jopke,wjopke15@symantec.com,7837300045,06228 Merchant Alley,2/16/2019,5/5/2020
43,Nathan,Porrett,nporrett16@kickstarter.com,7693010166,23 Raven Plaza,9/15/2019,7/19/2021
44,Farly,Mepsted,fmepsted17@skype.com,3233836981,18382 Bonner Crossing,7/19/2018,9/25/2020
45,Tymothy,Elms,telms18@lycos.com,7168872175,0966 Sachtjen Center,2/17/2020,9/13/2021
46,Winifred,Timoney,wtimoney19@istockphoto.com,9813484731,21702 Reindahl Trail,8/17/2020,6/7/2020
47,Kipp,Restieaux,krestieaux1a@simplemachines.org,7984332197,305 Mesta Circle,7/31/2018,9/10/2020
48,Sandye,Klainer,sklainer1b@biblegateway.com,9611641008,37929 Monterey Terrace,12/24/2020,7/23/2021
49,Eliot,Doctor,edoctor1c@mail.ru,4975846497,7 Fieldstone Lane,5/23/2019,12/7/2021
50,Shermy,Leach,sleach1d@mashable.com,1435438202,8592 Boyd Drive,11/18/2019,9/19/2021
51,Ted,Gristock,tgristock1e@hhs.gov,4385238876,34851 Waywood Lane,12/24/2017,12/24/2021
52,Maddie,O' Loughran,moloughran1f@networkadvertising.org,4254919972,7 Browning Point,1/4/2020,11/2/2020
53,Tobie,Karpf,tkarpf1g@1688.com,4074071168,63385 Ramsey Parkway,9/13/2020,3/24/2020
54,Casie,Rizzo,crizzo1h@nature.com,2852980995,1 Loomis Hill,7/4/2019,11/3/2019
55,Dwight,MacGaughey,dmacgaughey1i@yellowbook.com,9161803994,340 Maywood Point,5/7/2018,11/28/2019
56,Domingo,Penswick,dpenswick1j@bbb.org,2437557611,03205 Manufacturers Center,5/26/2020,7/21/2020
57,Dominique,Feast,dfeast1k@sphinn.com,2162474446,80 Hoepker Drive,12/22/2020,4/11/2021
58,Malia,Veschambre,mveschambre1l@tiny.cc,5559773669,052 Carioca Way,3/13/2020,9/16/2021
59,Elvira,Polycote,epolycote1m@ebay.com,2604417904,85218 Vidon Point,1/28/2020,5/25/2021
60,Deck,Pott,dpott1n@ustream.tv,8559120120,871 Thompson Terrace,5/4/2018,11/29/2021
61,Dawn,Tomaselli,dtomaselli1o@flickr.com,7985837437,53594 Vidon Avenue,11/18/2017,7/19/2021
62,Glyn,Riggs,griggs1p@indiatimes.com,2175780066,57294 Dennis Circle,9/26/2020,4/16/2021
63,Merlina,Bahl,mbahl1q@devhub.com,2036959473,6 Esker Pass,8/3/2020,10/26/2019
64,Jori,MacCartan,jmaccartan1r@hud.gov,1201390857,5 Bartelt Point,8/25/2019,3/19/2020
65,Genevieve,Kernoghan,gkernoghan1s@joomla.org,8466378393,3287 Clove Trail,6/8/2018,12/9/2019
66,Ardys,Bussetti,abussetti1t@google.nl,1111427010,0 West Point,11/1/2020,6/24/2020
67,Warner,Jendrassik,wjendrassik1u@skype.com,5814078096,18843 Merchant Center,9/11/2019,1/1/2020
68,Samuel,Raymont,sraymont1v@marriott.com,6447271148,315 Glendale Street,12/5/2017,4/28/2021
69,Stephana,Castree,scastree1w@goo.ne.jp,5115385851,4 Spenser Drive,3/25/2020,6/3/2020
70,Cody,Buddle,cbuddle1x@domainmarket.com,6538274722,67591 Holmberg Lane,3/29/2019,11/3/2019
71,Gunter,Spilsted,gspilsted1y@guardian.co.uk,3188277724,7 Carberry Terrace,3/13/2019,10/31/2020
72,Erhard,Burkart,eburkart1z@discuz.net,3294976538,70003 Kenwood Place,12/12/2020,2/29/2020
73,Jennilee,Irlam,jirlam20@columbia.edu,9286041927,8 Annamark Drive,4/23/2019,6/13/2021
74,Brand,Robbeke,brobbeke21@nps.gov,1861752232,8 Old Gate Park,10/18/2020,11/29/2021
75,Gabriella,Blackmore,gblackmore22@comsenz.com,8507647906,7 Tennessee Hill,12/12/2017,2/20/2020
76,Melamie,Demkowicz,mdemkowicz23@skyrock.com,3564843839,297 Colorado Lane,4/9/2019,7/2/2021
77,Constantin,Forsaith,cforsaith24@chron.com,7346808212,9264 Lakewood Point,10/8/2018,8/4/2020
78,Kelly,Lenox,klenox25@si.edu,9477364787,92538 Almo Road,6/7/2018,7/23/2021
79,Kat,Marquand,kmarquand26@uol.com.br,7098253495,60534 Monica Drive,3/17/2020,7/14/2021
80,Tadio,Esplin,tesplin27@cbslocal.com,9419707515,36 Luster Crossing,5/18/2020,8/19/2021
81,Kristel,Sibthorpe,ksibthorpe28@tinypic.com,6125102297,8526 Ridge Oak Circle,7/29/2018,8/31/2020
82,Lowe,Manktelow,lmanktelow29@tiny.cc,8661967706,92003 Basil Trail,7/11/2019,4/3/2022
83,Bale,Partridge,bpartridge2a@examiner.com,6132697903,599 Comanche Trail,12/14/2019,2/26/2020
84,Arlette,Syseland,asyseland2b@privacy.gov.au,3026585789,3581 Roth Plaza,12/7/2019,5/10/2020
85,Jarid,Northern,jnorthern2c@pcworld.com,9885208479,88617 Reinke Terrace,10/8/2017,3/20/2022
86,Sioux,Pauncefoot,spauncefoot2d@huffingtonpost.com,5815198548,5 Lakewood Road,4/7/2018,11/20/2020
87,Philipa,Durling,pdurling2e@mozilla.com,1378696691,427 Lake View Crossing,11/22/2018,11/13/2020
88,Hildegaard,Berrey,hberrey2f@hc360.com,6207279898,3 Beilfuss Circle,12/29/2017,2/1/2021
89,Denise,Boys,dboys2g@unicef.org,1684139667,8705 Warrior Parkway,11/15/2017,4/24/2020
90,Tine,Trazzi,ttrazzi2h@wikipedia.org,6491892867,624 Fordem Center,12/23/2018,11/20/2021
91,Wynne,Heinish,wheinish2i@yolasite.com,5326407757,059 Spaight Crossing,8/7/2018,11/22/2020
92,Riva,Hughesdon,rhughesdon2j@springer.com,1192307678,0417 Browning Circle,6/3/2019,12/27/2020
93,Dev,Arnull,darnull2k@pinterest.com,6691530398,099 Nelson Park,11/9/2019,11/1/2021
94,Shane,Vanacci,svanacci2l@earthlink.net,6171437558,69 Monument Way,3/8/2020,7/5/2020
95,Dur,Schouthede,dschouthede2m@abc.net.au,2276623213,25 Springs Circle,1/31/2019,8/31/2021
96,Benjy,Gilder,bgilder2n@wikia.com,1277191610,953 Fulton Avenue,6/6/2018,2/20/2022
97,Christabella,Tilberry,ctilberry2o@friendfeed.com,5338857727,7 Dexter Trail,2/8/2020,8/16/2021
98,Reuven,Easen,reasen2p@berkeley.edu,7085072951,1 Barnett Pass,6/18/2020,2/19/2020
99,Abby,MacDiarmond,amacdiarmond2q@upenn.edu,5132562165,8917 Esker Point,7/26/2018,7/1/2020
100,Kirstin,Alves,kalves2r@patch.com,3337130237,705 Vera Avenue,10/3/2018,3/12/2021
101,Augusto,Merryman,amerryman2s@admin.ch,4454338241,2776 Sutherland Lane,4/26/2019,3/8/2022
102,Percy,Ferrick,pferrick2t@facebook.com,8563927435,174 Butternut Place,5/30/2018,8/5/2020
103,Dwight,Walliker,dwalliker2u@sakura.ne.jp,7682431572,5 La Follette Trail,9/19/2019,10/3/2020
104,Gabriell,Meachan,gmeachan2v@creativecommons.org,9475722624,68 Vahlen Center,11/25/2020,6/15/2021
105,Ellissa,Ebbin,eebbin2w@craigslist.org,1195555035,40 Harbort Avenue,5/3/2019,9/28/2020
106,Minnnie,Kaser,mkaser2x@indiegogo.com,9351866726,887 Cambridge Crossing,2/14/2020,7/22/2021
107,Trixie,Pember,tpember2y@cbc.ca,8314403416,8514 Utah Hill,10/10/2017,1/2/2022
108,Charita,Wilshaw,cwilshaw2z@twitpic.com,3782076237,50913 Kedzie Crossing,5/19/2018,2/13/2022
109,Frederic,Spanton,fspanton30@nasa.gov,1183453344,58 Stang Lane,11/6/2017,9/23/2021
110,Krishna,Regis,kregis31@dagondesign.com,7107555937,5 Talisman Junction,10/22/2019,1/3/2020
111,Bobby,Hellsdon,bhellsdon32@dailymotion.com,7428224769,00 Di Loreto Terrace,5/21/2018,8/9/2021
112,Earvin,Newlove,enewlove33@geocities.jp,9808127240,34118 Westport Place,10/19/2018,5/2/2020
113,Susi,Presnail,spresnail34@blogtalkradio.com,5529172253,63 Clarendon Avenue,8/11/2020,11/7/2020
114,Catherina,Stocking,cstocking35@mlb.com,6058340641,8 Acker Alley,11/15/2020,4/8/2020
115,Salomo,Oakhill,soakhill36@arizona.edu,2659209764,2525 Clemons Court,7/4/2020,9/9/2020
116,Alistair,Antonietti,aantonietti37@walmart.com,9699524248,12540 Bultman Way,7/18/2019,4/24/2020
117,Rodina,Escudier,rescudier38@bloglines.com,7735918526,8969 Park Meadow Way,10/21/2019,8/18/2021
118,Arty,Brodley,abrodley39@usda.gov,1681182868,683 Stang Lane,7/22/2018,8/28/2020
119,Tatiana,Fould,tfould3a@wikia.com,5832755464,06803 Fulton Trail,10/24/2017,5/20/2020
120,Marja,Petre,mpetre3b@fema.gov,1397025602,643 Trailsway Street,11/16/2019,6/21/2021
121,Laurette,Lack,llack3c@mtv.com,2117730705,99102 Roxbury Trail,4/25/2018,5/19/2021
122,Myrilla,Billion,mbillion3d@fc2.com,1387913172,5399 Lunder Lane,1/4/2020,5/29/2021
123,Ariadne,Barber,abarber3e@imgur.com,6824495014,4226 Brickson Park Junction,2/18/2018,1/5/2020
124,Tudor,Llewelly,tllewelly3f@who.int,4653445817,0 Montana Road,12/19/2019,1/1/2021
125,Bret,Francescone,bfrancescone3g@joomla.org,8026708197,38 Comanche Street,6/7/2020,11/12/2021
126,Den,Vakhrushin,dvakhrushin3h@narod.ru,6854974945,921 Carberry Place,9/18/2019,2/15/2022
127,Kendra,Powlett,kpowlett3i@techcrunch.com,6173851090,7 Dryden Terrace,1/24/2019,12/9/2019
128,Dee dee,Waddy,dwaddy3j@biblegateway.com,9546564632,68 Glacier Hill Circle,8/14/2018,2/24/2022
129,Antoinette,Horning,ahorning3k@fema.gov,7643071193,6 Acker Parkway,12/21/2017,2/18/2020
130,Vinnie,Mafham,vmafham3l@dyndns.org,4104992682,63410 Anhalt Junction,1/12/2020,12/9/2020
131,Felizio,Petyakov,fpetyakov3m@answers.com,8115838911,478 Pankratz Place,6/28/2019,6/26/2020
132,Tommie,Saterthwait,tsaterthwait3n@tmall.com,5618703522,7 Schmedeman Drive,4/10/2019,12/27/2020
133,Livvy,Weakley,lweakley3o@reference.com,6719923024,50795 Hollow Ridge Hill,3/7/2018,11/6/2020
134,Rouvin,Farnes,rfarnes3p@cnet.com,9858360948,58987 Fuller Parkway,2/19/2020,11/3/2020
135,Karly,Hofner,khofner3q@utexas.edu,8963994382,697 Goodland Trail,3/11/2018,8/7/2020
136,Aindrea,Fann,afann3r@plala.or.jp,5617529514,4 8th Road,6/15/2018,3/11/2022
137,Graehme,Eglaise,geglaise3s@gizmodo.com,9281118680,917 Fulton Lane,4/16/2020,1/15/2020
138,Marc,Shilstone,mshilstone3t@ovh.net,3438233571,308 Gale Avenue,4/12/2018,3/7/2022
139,Doug,Cosstick,dcosstick3u@utexas.edu,6479765711,69959 Packers Crossing,3/4/2019,2/24/2022
140,Winthrop,Skelhorn,wskelhorn3v@hostgator.com,5571702212,145 Autumn Leaf Trail,12/3/2019,11/4/2019
141,Jere,Leddie,jleddie3w@51.la,2941089633,38 Tennessee Junction,2/21/2018,2/9/2022
142,Tobie,Mucklestone,tmucklestone3x@netvibes.com,4785790358,1419 Fordem Point,10/14/2019,3/9/2022
143,Clo,Bethel,cbethel3y@who.int,5606868010,52156 Arapahoe Crossing,6/7/2018,8/25/2021
144,Rip,Saterthwait,rsaterthwait3z@pen.io,2117735772,9374 Arapahoe Hill,8/12/2019,5/17/2021
145,Vivie,Heaney`,vheaney40@narod.ru,5814419519,96249 Tennessee Center,7/1/2019,5/30/2020
146,Sayre,Hurle,shurle41@statcounter.com,5154531581,7991 Sauthoff Road,11/14/2020,10/26/2021
147,See,Maxweell,smaxweell42@devhub.com,1155762042,51439 Anhalt Center,1/28/2018,6/13/2020
148,Art,Jouannisson,ajouannisson43@chron.com,7412719283,8 Londonderry Trail,9/1/2019,7/12/2021
149,Almeria,Sillito,asillito44@oakley.com,6967769481,309 Killdeer Pass,8/3/2018,12/31/2019
150,Salaidh,Alden,salden45@histats.com,5632997908,7 Alpine Avenue,2/2/2019,2/20/2020
151,Ilsa,Proudlove,iproudlove46@google.pl,8039497429,44485 Carioca Drive,12/29/2020,10/19/2020
152,Jacquenette,Vedenyakin,jvedenyakin47@gizmodo.com,4135123837,7686 Twin Pines Crossing,6/2/2019,12/4/2021
153,Afton,Stammers,astammers48@narod.ru,4274594167,0 Kinsman Avenue,8/11/2018,4/29/2021
154,Waylen,Friese,wfriese49@google.ru,5016935723,022 Huxley Road,2/9/2020,10/28/2021
155,Datha,McPhilemy,dmcphilemy4a@tinypic.com,2598495786,31957 Stoughton Parkway,10/31/2020,6/26/2020
156,Peggie,Hughill,phughill4b@seattletimes.com,5211502613,23 Commercial Way,11/10/2020,12/1/2020
157,Kendre,Darwent,kdarwent4c@who.int,8817356724,19858 Fisk Trail,1/11/2020,3/22/2021
158,Eda,Sinnatt,esinnatt4d@unc.edu,4673590697,2 Burning Wood Pass,1/19/2019,12/18/2020
159,Idell,Topham,itopham4e@slate.com,7595104997,08 Bunker Hill Alley,9/1/2019,9/4/2020
160,Nikolaos,Vint,nvint4f@nhs.uk,4873412647,289 Maywood Road,4/15/2019,11/2/2019
161,Dolph,Yaldren,dyaldren4g@economist.com,9445326550,2921 Caliangt Junction,1/30/2019,9/4/2020
162,Hi,Fitchell,hfitchell4h@samsung.com,5112952664,6 International Junction,4/3/2020,10/5/2020
163,Shandra,Joselevitch,sjoselevitch4i@example.com,9757964025,28 Pennsylvania Plaza,5/25/2020,7/4/2021
164,Kasper,Tortis,ktortis4j@about.me,7619703422,709 Colorado Road,9/9/2018,1/18/2021
165,Jared,Kolakowski,jkolakowski4k@marriott.com,4395771838,19166 Pepper Wood Lane,2/4/2020,1/9/2020
166,Lonee,Nicol,lnicol4l@cnbc.com,4252170081,31 North Junction,2/26/2019,5/3/2020
167,Marci,Trawin,mtrawin4m@google.ru,2802973838,709 Schiller Center,7/11/2018,6/10/2021
168,Teresina,Baus,tbaus4n@so-net.ne.jp,7932871200,861 Hazelcrest Hill,6/19/2018,1/5/2022
169,Erasmus,Dutton,edutton4o@tumblr.com,3874017480,64830 Hovde Point,4/20/2018,11/20/2019
170,Janeta,McManamon,jmcmanamon4p@usda.gov,1664929570,47 Harper Lane,3/5/2018,1/16/2020
171,Loria,Antonov,lantonov4q@quantcast.com,8748620613,927 Vahlen Street,10/16/2017,12/24/2020
172,Liuka,Aps,laps4r@apple.com,9336051994,9 Eastlawn Pass,8/19/2019,11/29/2019
173,Reynold,Sliney,rsliney4s@topsy.com,5273039832,216 Corry Parkway,9/10/2020,5/8/2021
174,Ronnica,Gamblin,rgamblin4t@nasa.gov,2006238086,6945 Summerview Street,11/16/2020,11/1/2021
175,Alard,Farey,afarey4u@auda.org.au,1577625090,2 Lakeland Junction,12/23/2018,1/24/2021
176,Gottfried,McKimm,gmckimm4v@trellian.com,7745191142,8245 Village Junction,6/25/2019,8/10/2021
177,Poppy,Ianne,pianne4w@amazonaws.com,4959123618,45810 La Follette Road,1/26/2019,7/20/2020
178,Andra,Wims,awims4x@webmd.com,6088603419,8 Macpherson Junction,12/22/2017,5/5/2021
179,Leland,Hallatt,lhallatt4y@dell.com,1327170391,254 Texas Circle,3/1/2020,2/4/2020
180,Prissie,Bleddon,pbleddon4z@sciencedirect.com,7547086325,9705 Welch Avenue,9/1/2018,4/28/2020
181,Anabel,Gunda,agunda50@forbes.com,4601694122,31 Gina Plaza,5/18/2019,2/8/2020
182,Feliza,Sackur,fsackur51@webs.com,4752310826,4213 West Crossing,10/24/2017,7/27/2020
183,Rea,Pilipets,rpilipets52@google.it,1607260524,252 Magdeline Trail,3/8/2018,1/10/2021
184,Lennard,Cowell,lcowell53@comsenz.com,5605545956,8 Steensland Terrace,12/15/2020,1/21/2021
185,Maren,Grisley,mgrisley54@technorati.com,4299090199,756 Lotheville Place,3/14/2018,12/16/2019
186,Rozina,Cormack,rcormack55@baidu.com,8557539880,203 Buena Vista Court,10/27/2019,5/15/2021
187,Wallie,Bathow,wbathow56@home.pl,8625342989,0 Butterfield Court,2/26/2018,12/29/2021
188,Kylie,Sainsbury-Brown,ksainsburybrown57@google.es,3957154583,67 Eastwood Crossing,7/2/2018,8/4/2020
189,Kermit,Stollwerck,kstollwerck58@wikia.com,9149735607,3349 Hanson Way,9/18/2019,7/11/2020
190,Catherina,Elverstone,celverstone59@cisco.com,2198228676,4566 Emmet Crossing,5/17/2020,3/21/2021
191,Ermentrude,Scholard,escholard5a@google.com.br,6474388477,79431 Sachtjen Circle,3/8/2019,3/5/2020
192,Cheri,Reimer,creimer5b@newyorker.com,9931011807,775 Bonner Hill,7/18/2019,3/26/2020
193,Dalenna,Dobrowolny,ddobrowolny5c@ft.com,4039524758,0 Eliot Way,10/23/2017,3/12/2022
194,Dredi,Gook,dgook5d@friendfeed.com,7815702442,8844 Sachs Point,4/13/2019,3/3/2020
195,Jordan,Bunnell,jbunnell5e@desdev.cn,5346347470,37 Summer Ridge Parkway,6/3/2018,10/20/2020
196,Evey,Iacomo,eiacomo5f@mail.ru,8753337691,581 Vahlen Avenue,6/8/2018,12/17/2021
197,Moises,Limeburner,mlimeburner5g@github.io,2195277740,70819 Raven Point,9/12/2019,2/3/2020
198,Siouxie,Padbery,spadbery5h@wufoo.com,1812884817,9627 Killdeer Court,5/23/2018,9/29/2020
199,Oswell,Adelberg,oadelberg5i@gov.uk,3106973945,61 Harbort Trail,8/19/2018,5/7/2021
200,Lana,McGuffie,lmcguffie5j@gov.uk,1345939451,71 David Street,7/25/2018,11/12/2020
201,Colette,Stothard,cstothard5k@sbwire.com,3857479343,2 Emmet Road,12/10/2019,1/3/2020
202,Aldwin,Bettison,abettison5l@dagondesign.com,8364392466,28 Truax Center,4/26/2018,6/13/2020
203,Dael,Huguenet,dhuguenet5m@nature.com,5935181968,211 Bluestem Drive,12/16/2018,12/3/2020
204,Axel,Treagust,atreagust5n@t.co,9414019615,52850 Crest Line Place,11/23/2020,10/16/2020
205,Clementina,Pestor,cpestor5o@amazon.de,2323833414,1 Namekagon Junction,12/14/2017,11/22/2019
206,Bethany,Bradmore,bbradmore5p@51.la,1843618250,6575 Summerview Alley,5/15/2019,4/6/2022
207,Faith,Cramp,fcramp5q@4shared.com,1017421762,2834 Del Sol Avenue,11/27/2019,8/28/2021
208,Cammy,Stetlye,cstetlye5r@time.com,1562202177,361 Granby Street,9/4/2019,2/15/2022
209,Georgi,Hirtz,ghirtz5s@fastcompany.com,5502792017,1619 Fisk Circle,11/27/2018,6/18/2020
210,Sammy,Ringer,sringer5t@state.tx.us,8282431056,83 Lerdahl Circle,12/5/2020,1/2/2021
211,Ninetta,Baptista,nbaptista5u@csmonitor.com,8557902528,1392 Fremont Trail,12/31/2020,2/10/2021
212,Sarine,MacGill,smacgill5v@vistaprint.com,4266768664,0019 Green Junction,7/1/2018,9/8/2020
213,Rustin,Bowerman,rbowerman5w@state.tx.us,1019969636,7 Calypso Junction,9/29/2020,8/30/2021
214,Ulrikaumeko,Figliovanni,ufigliovanni5x@360.cn,7832682244,39536 Karstens Court,7/1/2018,11/1/2019
215,Libbey,Salvidge,lsalvidge5y@51.la,1986944843,17 Banding Street,10/16/2020,1/7/2022
216,Emilee,Ogborne,eogborne5z@google.co.jp,1638386894,49704 Sommers Court,7/30/2018,12/14/2019
217,Aindrea,Avann,aavann60@photobucket.com,5417576891,7 Northridge Park,6/11/2018,1/11/2020
218,Nappy,Brolechan,nbrolechan61@java.com,9499381593,45213 Warner Court,12/18/2020,4/4/2020
219,Chryste,Twallin,ctwallin62@abc.net.au,6952591860,777 Thompson Way,9/3/2018,9/3/2021
220,Nike,Langmaid,nlangmaid63@tripod.com,4632633245,27042 Haas Parkway,7/3/2019,6/19/2021
221,Ingar,Antushev,iantushev64@example.com,9775271572,04591 Schlimgen Plaza,7/20/2018,4/23/2021
222,Goldi,Busek,gbusek65@tripadvisor.com,5922415395,147 Stuart Circle,3/9/2020,4/3/2022
223,Chelsea,Brothers,cbrothers66@hud.gov,6779983542,4326 Comanche Court,4/18/2019,12/19/2020
224,Giovanna,Gleed,ggleed67@jugem.jp,4908730449,6866 Bunting Pass,6/12/2019,3/8/2021
225,Milly,Beagen,mbeagen68@sogou.com,3483275520,448 Main Place,5/15/2019,4/18/2020
226,Deedee,Bezzant,dbezzant69@tiny.cc,9386993132,585 Corry Avenue,10/8/2020,11/29/2021
227,Malchy,Braybrookes,mbraybrookes6a@usa.gov,6065027854,11559 Vermont Junction,3/21/2018,6/30/2021
228,Cathlene,Furnell,cfurnell6b@deviantart.com,6845914105,145 Calypso Avenue,11/3/2018,7/7/2021
229,Margaretha,Bachnic,mbachnic6c@tinyurl.com,2343505692,5076 Hayes Terrace,4/5/2018,7/14/2020
230,Teena,Izchaki,tizchaki6d@icq.com,8916240841,60 Novick Lane,5/15/2020,5/24/2021
231,Kearney,Clampin,kclampin6e@sfgate.com,6816003490,5088 Park Meadow Plaza,10/19/2017,7/3/2021
232,Wendell,McArtan,wmcartan6f@linkedin.com,1989552291,665 Leroy Road,3/10/2020,3/11/2020
233,Egor,Stoeckle,estoeckle6g@alibaba.com,2943315287,4296 Bluestem Place,9/5/2019,10/14/2021
234,Edgard,Cossons,ecossons6h@twitter.com,8865116734,14 Holy Cross Avenue,5/6/2020,3/31/2020
235,Candis,Eldershaw,celdershaw6i@ted.com,9539075426,6 Hintze Avenue,2/26/2018,11/25/2019
236,Hazel,Beldham,hbeldham6j@google.de,3098205993,3873 Magdeline Alley,5/17/2020,4/20/2020
237,Willis,Brittian,wbrittian6k@shutterfly.com,7196108839,134 Artisan Point,11/6/2020,11/23/2021
238,Elset,Vedenyakin,evedenyakin6l@mtv.com,3232593709,51 Bartillon Place,3/16/2018,9/26/2021
239,Ulric,Gebhardt,ugebhardt6m@timesonline.co.uk,4594011147,75 Dryden Place,3/14/2019,12/30/2020
240,Hayward,Fagence,hfagence6n@typepad.com,6191797619,65917 Esker Road,12/23/2019,2/24/2021
241,Kellen,Mishaw,kmishaw6o@angelfire.com,2147569012,42 Blaine Road,9/30/2020,12/15/2020
242,Toddy,Beacock,tbeacock6p@theguardian.com,5544778205,20 Eastwood Circle,2/15/2019,8/6/2020
243,Hector,Czyz,hczyz6q@time.com,1722968446,16327 Daystar Park,9/18/2018,2/19/2022
244,Etti,Mattek,emattek6r@rambler.ru,8774838662,4 Maple Drive,10/4/2020,3/24/2020
245,Felic,Partrick,fpartrick6s@google.nl,7853957410,082 Reindahl Circle,12/12/2018,3/15/2020
246,Kelwin,Hearsum,khearsum6t@cornell.edu,8176639340,2782 Fremont Pass,8/10/2018,8/13/2021
247,Cyrillus,Rushe,crushe6u@gizmodo.com,7901015456,526 North Avenue,8/23/2020,3/28/2022
248,Zsa zsa,Nabarro,znabarro6v@soup.io,5196500256,8002 International Point,3/25/2018,1/1/2021
249,Rita,Scougal,rscougal6w@sciencedirect.com,5174298866,49688 Morrow Point,9/27/2020,4/12/2020
250,Cozmo,Haliburton,chaliburton6x@amazon.co.jp,2909090451,34 Grover Trail,3/14/2018,4/23/2021
251,Riobard,Coyte,rcoyte6y@engadget.com,6644601639,584 Hagan Way,3/17/2019,4/2/2021
252,Boyce,Theobald,btheobald6z@discovery.com,5992634266,2 Rowland Circle,9/30/2019,8/5/2020
253,Celisse,Haley,chaley70@ucoz.com,4087675098,62 Arrowood Avenue,5/10/2019,8/2/2021
254,Amber,MacMeekan,amacmeekan71@wikimedia.org,5958928163,54 Granby Parkway,9/8/2018,2/28/2020
255,Margareta,Plait,mplait72@huffingtonpost.com,1989501463,7901 Forster Trail,10/31/2017,12/16/2020
256,Myrtice,Guilder,mguilder73@va.gov,7619740977,6119 Garrison Point,12/21/2020,1/22/2020
257,Lorettalorna,Hendonson,lhendonson74@sakura.ne.jp,7575344401,37484 Lakewood Center,7/6/2020,9/30/2020
258,Adriane,Broadstock,abroadstock75@ted.com,3024726396,42463 Meadow Valley Plaza,9/5/2018,12/31/2020
259,Henri,Rames,hrames76@github.io,8508618715,76427 Laurel Place,5/13/2018,3/29/2021
260,Forrest,Dennick,fdennick77@shutterfly.com,3858926816,89 Swallow Point,12/5/2019,7/14/2020
261,Bren,Birtle,bbirtle78@about.com,4362329196,306 Grasskamp Road,5/16/2020,10/20/2021
262,Rafaela,Hegges,rhegges79@linkedin.com,4714157217,1 Marquette Alley,1/24/2019,5/12/2020
263,Karoly,Shory,kshory7a@apple.com,6124238881,368 Arkansas Crossing,5/2/2020,3/19/2021
264,Wallis,Clinnick,wclinnick7b@google.pl,4805072484,9 Barnett Trail,11/26/2018,11/3/2021
265,Harbert,Ceaplen,hceaplen7c@networksolutions.com,8018734394,464 Esch Plaza,12/11/2017,10/19/2021
266,Ede,O'Connel,eoconnel7d@answers.com,3519962722,9085 Basil Lane,10/10/2020,12/6/2020
267,Margret,Kloss,mkloss7e@reddit.com,7025373030,205 Northview Pass,4/11/2019,12/11/2020
268,Rosalinda,Nisuis,rnisuis7f@apache.org,7236692617,195 Blaine Street,3/22/2019,1/10/2022
269,Thaddeus,Asbury,tasbury7g@i2i.jp,5001016060,37 Milwaukee Trail,8/26/2018,11/17/2019
270,Catherine,Rearden,crearden7h@twitter.com,1959487803,3735 Becker Drive,3/31/2019,2/13/2022
271,Nathalia,Debney,ndebney7i@constantcontact.com,1063855474,0716 Acker Lane,8/2/2020,2/8/2021
272,Phillis,Wheelton,pwheelton7j@epa.gov,4782810680,484 Redwing Junction,11/15/2018,5/24/2021
273,Roslyn,Najera,rnajera7k@imgur.com,5902861719,52175 Mccormick Way,3/19/2020,9/15/2021
274,Tersina,Footitt,tfootitt7l@washington.edu,1635481189,7483 Northridge Pass,11/24/2020,10/29/2020
275,Harriot,Wisedale,hwisedale7m@chron.com,9551821939,4941 Derek Junction,8/9/2018,6/10/2020
276,Juliette,Piatek,jpiatek7n@homestead.com,8328790670,907 Hintze Street,11/27/2018,3/10/2020
277,Aime,Grinstead,agrinstead7o@vimeo.com,4232034379,8090 Bunting Parkway,6/30/2018,4/7/2020
278,Hew,Burdekin,hburdekin7p@slashdot.org,6228650270,5 Shoshone Way,6/26/2019,4/9/2022
279,Arvy,Ledekker,aledekker7q@unc.edu,5941988903,67 Blue Bill Park Center,4/17/2020,6/9/2020
280,Ignacius,Goulter,igoulter7r@webs.com,6675052941,887 School Pass,10/22/2020,2/16/2022
281,Joelie,Enderwick,jenderwick7s@discovery.com,3309732391,10912 Sycamore Way,1/12/2018,11/26/2021
282,Edmund,Ferrero,eferrero7t@theatlantic.com,5062900132,38 Magdeline Circle,9/19/2018,5/29/2021
283,Noell,Knewstubb,nknewstubb7u@sohu.com,4089557580,8857 Esch Point,5/21/2019,12/26/2021
284,Craggie,Tennison,ctennison7v@skyrock.com,2804678205,960 Maple Wood Alley,12/29/2018,10/15/2021
285,Letta,Godthaab,lgodthaab7w@artisteer.com,7167629876,4 Continental Park,9/3/2019,8/14/2021
286,Tatiania,Ogelbe,togelbe7x@sina.com.cn,5433523561,49 Dunning Court,10/23/2020,12/28/2020
287,Roderic,Hails,rhails7y@about.com,5547469697,3 Eggendart Crossing,11/25/2017,5/8/2021
288,Kimmi,Rogeron,krogeron7z@mozilla.org,3752809983,729 Blue Bill Park Center,3/4/2020,4/7/2021
289,Maris,Gunningham,mgunningham80@gizmodo.com,7122052231,4050 Sugar Road,11/4/2018,5/28/2020
290,Marcello,Dzenisenka,mdzenisenka81@businessweek.com,9185116668,83 Stang Point,12/28/2017,11/24/2021
291,Sal,Henmarsh,shenmarsh82@vkontakte.ru,4245887455,810 Rigney Circle,6/18/2019,2/23/2022
292,Jonah,Danbi,jdanbi83@redcross.org,7814418046,23 Duke Drive,11/24/2019,5/8/2021
293,Valaria,Clarke-Williams,vclarkewilliams84@tinypic.com,8779141521,23 Ridgeway Trail,12/10/2018,4/17/2021
294,Inez,Asprey,iasprey85@hc360.com,4068549814,732 Morrow Hill,1/13/2020,8/30/2021
295,Tabby,Domenico,tdomenico86@twitpic.com,1502224828,82786 Bellgrove Park,10/30/2020,12/9/2020
296,Pepillo,Counter,pcounter87@freewebs.com,3938562218,86484 Stuart Way,12/19/2017,2/9/2022
297,Ramona,Boult,rboult88@liveinternet.ru,9816878957,6739 Sauthoff Center,12/24/2018,11/13/2020
298,Tillie,Eich,teich89@diigo.com,7112796212,137 Pankratz Court,3/22/2019,1/16/2022
299,Rodi,Soppit,rsoppit8a@gov.uk,7999478480,443 Manley Terrace,7/26/2020,12/22/2020
300,Geoffrey,Whardley,gwhardley8b@bluehost.com,1883608573,2 Memorial Parkway,3/10/2018,11/16/2020
301,Helenelizabeth,Stonhouse,hstonhouse8c@nba.com,1068642648,5 Crest Line Plaza,3/1/2019,5/6/2021
302,Ingram,Walkowski,iwalkowski8d@house.gov,7181591176,9 Dexter Hill,8/14/2020,12/11/2020
303,Kaitlynn,Moncrefe,kmoncrefe8e@drupal.org,6253694500,219 Superior Hill,11/13/2018,3/8/2021
304,Etienne,Paskell,epaskell8f@digg.com,8031300116,6 Hermina Lane,10/15/2017,5/24/2020
305,Juliane,Mettrick,jmettrick8g@cornell.edu,8357848033,74186 Fairview Way,7/5/2020,5/4/2020
306,Reamonn,McCaughey,rmccaughey8h@google.fr,8468186875,79052 Prentice Point,10/11/2020,6/15/2021
307,Myrvyn,Cowcha,mcowcha8i@patch.com,7579250254,62 Delladonna Circle,8/27/2019,5/8/2020
308,Aleen,Ciciura,aciciura8j@hibu.com,3213195016,99264 Sage Plaza,3/12/2020,5/27/2021
309,Stirling,Brandom,sbrandom8k@dailymotion.com,4799107732,8307 Lukken Street,7/29/2019,2/18/2022
310,Lizzie,Louys,llouys8l@163.com,6519053942,797 Cascade Trail,12/27/2019,1/16/2020
311,Carlota,Baudinelli,cbaudinelli8m@dailymotion.com,7481006652,86 Gulseth Terrace,8/14/2019,8/7/2021
312,Nevins,Sivil,nsivil8n@ustream.tv,3355705493,6 Rowland Court,10/13/2018,4/20/2022
313,Lambert,Huggett,lhuggett8o@imageshack.us,8933738795,56779 8th Road,5/3/2020,6/22/2020
314,Arnie,McKerrow,amckerrow8p@yolasite.com,4313931539,523 Sunbrook Hill,8/31/2020,4/30/2021
315,Huntlee,Seymer,hseymer8q@amazon.co.uk,5349000307,4449 Cascade Trail,11/28/2019,2/23/2021
316,Lanette,Passfield,lpassfield8r@scientificamerican.com,6683481575,4145 Namekagon Park,4/24/2020,3/16/2022
317,Maxine,Guillond,mguillond8s@wikia.com,1586712586,721 Towne Street,11/8/2019,7/28/2021
318,Talbot,Roantree,troantree8t@unblog.fr,2273102965,8 Moland Way,11/15/2018,8/25/2021
319,Yurik,Schuricht,yschuricht8u@odnoklassniki.ru,4467477689,77 Waywood Place,10/18/2018,6/7/2020
320,Josy,Hunnawill,jhunnawill8v@livejournal.com,6171432261,61 Drewry Circle,9/25/2018,10/10/2021
321,Tanner,Torrijos,ttorrijos8w@china.com.cn,6668648429,3 Columbus Point,3/12/2020,3/13/2022
322,Prissie,Guiness,pguiness8x@europa.eu,4026917299,3715 Superior Circle,5/18/2019,6/11/2020
323,Adrea,Ollive,aollive8y@issuu.com,6255200196,94 Morningstar Place,2/6/2019,6/5/2020
324,Ray,Palfrey,rpalfrey8z@qq.com,3838596501,9 Petterle Park,10/23/2020,11/4/2019
325,Bogey,Simonazzi,bsimonazzi90@ihg.com,1608529766,363 Hauk Crossing,3/9/2019,2/3/2020
326,Ailis,Shankster,ashankster91@reverbnation.com,6185189433,4 Ilene Plaza,8/31/2019,12/22/2020
327,Jesse,Constance,jconstance92@kickstarter.com,1012513410,05308 Bayside Park,2/4/2018,7/2/2021
328,Patrizia,Extence,pextence93@technorati.com,4627278571,920 Knutson Pass,10/1/2019,7/13/2020
329,Chickie,McKinnell,cmckinnell94@reuters.com,6222209277,532 Marquette Junction,7/23/2019,8/15/2020
330,Hillyer,Dingsdale,hdingsdale95@auda.org.au,6972690301,190 Burrows Pass,5/23/2018,11/12/2021
331,Marta,Wildash,mwildash96@dailymotion.com,5819907145,4062 Mayer Pass,7/18/2020,12/31/2019
332,Querida,Neaverson,qneaverson97@twitpic.com,4043424555,18 Swallow Junction,6/2/2020,6/28/2021
333,Alli,Doy,adoy98@ning.com,8473552037,117 Arapahoe Hill,8/25/2018,3/8/2021
334,Hall,Piddlesden,hpiddlesden99@flickr.com,3428024110,38505 Monica Alley,3/17/2020,2/4/2021
335,Sonni,Erley,serley9a@home.pl,2493337026,44 Eggendart Street,7/19/2020,1/22/2021
336,Adriaens,Cartwight,acartwight9b@mac.com,9964952251,398 Scott Pass,6/7/2020,8/27/2020
337,Tad,Remmer,tremmer9c@sogou.com,2989447958,5992 Bunker Hill Junction,8/25/2018,10/16/2020
338,Nevin,Shorto,nshorto9d@rediff.com,8195561384,066 Heffernan Lane,12/31/2020,3/13/2021
339,Rodi,Woolager,rwoolager9e@china.com.cn,6324043718,7 Weeping Birch Way,11/10/2020,3/21/2021
340,Eolanda,Hugnot,ehugnot9f@cdbaby.com,5262081878,5 Moulton Park,6/9/2019,5/19/2020
341,Elayne,Lakenton,elakenton9g@github.com,6604019232,4 Thackeray Junction,9/4/2018,9/2/2020
342,Rosmunda,Terris,rterris9h@icio.us,7864612787,593 Fordem Plaza,5/8/2020,6/21/2020
343,Marinna,Turvey,mturvey9i@unc.edu,3507082441,44003 Northview Center,5/26/2019,6/27/2021
344,Morten,Obal,mobal9j@tripod.com,1429626656,41 North Court,5/23/2018,3/15/2020
345,Gillan,Devereux,gdevereux9k@comcast.net,8781607010,5 Carey Parkway,7/27/2019,9/19/2020
346,Jan,Wildor,jwildor9l@wikimedia.org,5912094690,6979 Delaware Crossing,5/4/2020,6/21/2020
347,Lyndsey,Chrystie,lchrystie9m@disqus.com,1274316336,36455 Fallview Hill,6/12/2019,5/25/2021
348,Jillayne,Dingate,jdingate9n@ifeng.com,8067398914,5458 Pierstorff Avenue,9/15/2018,10/14/2021
349,Corbett,Drury,cdrury9o@hostgator.com,8694989244,14 Lillian Hill,8/10/2019,11/17/2020
350,Felipa,Kettlesting,fkettlesting9p@blogspot.com,3358606660,0339 Washington Trail,7/26/2019,3/26/2022
351,Gwendolyn,Hubbins,ghubbins9q@virginia.edu,8049303647,189 Superior Pass,5/10/2019,11/15/2019
352,Evvy,Kineton,ekineton9r@ucla.edu,1856920073,278 Londonderry Park,9/5/2018,9/21/2021
353,Nataline,Ellsbury,nellsbury9s@qq.com,3522115735,21418 Vernon Way,5/4/2019,4/14/2020
354,Huntley,Gierek,hgierek9t@blog.com,5158169758,14 Stone Corner Terrace,4/19/2020,10/24/2020
355,Rustin,Karlsen,rkarlsen9u@hp.com,6199819960,4989 Cottonwood Place,3/10/2018,9/19/2021
356,Elwood,Endrici,eendrici9v@java.com,6111618458,5099 Elka Lane,10/28/2017,11/7/2021
357,Charis,Piller,cpiller9w@mysql.com,8777868752,981 Magdeline Crossing,12/22/2017,2/9/2022
358,Susanne,Cronchey,scronchey9x@sphinn.com,9089651732,37 Lien Crossing,12/14/2020,3/12/2022
359,Sylvester,Besantie,sbesantie9y@moonfruit.com,4926546627,4 Maywood Avenue,12/7/2020,10/4/2021
360,Claudia,Bunney,cbunney9z@livejournal.com,4196253841,255 Sommers Alley,1/3/2018,6/11/2021
361,Randene,Jeaves,rjeavesa0@cyberchimps.com,3984166804,88 Hallows Hill,5/16/2020,9/5/2021
362,Joscelin,Scalera,jscaleraa1@baidu.com,4944375445,78 Barnett Pass,6/15/2020,7/28/2021
363,Bentlee,Demangeon,bdemangeona2@nih.gov,8953127434,5 Darwin Court,8/13/2020,3/16/2022
364,Ethan,Embra,eembraa3@princeton.edu,5017373864,18845 Cordelia Parkway,5/17/2018,2/16/2020
365,Glynnis,Hampson,ghampsona4@parallels.com,2956930976,91 Debra Parkway,7/30/2020,9/24/2020
366,Darrelle,Tommasuzzi,dtommasuzzia5@va.gov,2491147076,008 Summer Ridge Center,6/3/2018,10/4/2020
367,Emilia,Offin,eoffina6@edublogs.org,4691729381,11530 Scoville Court,9/20/2020,4/4/2020
368,Ceil,Tozer,ctozera7@cyberchimps.com,1193115762,9196 Mallory Lane,12/21/2018,7/13/2021
369,Aluino,Shepstone,ashepstonea8@hhs.gov,9094997766,78435 Farwell Hill,8/29/2020,10/2/2020
370,Christiano,Jurczik,cjurczika9@instagram.com,6027026891,84 Pierstorff Street,10/11/2017,9/6/2021
371,Berty,Stafford,bstaffordaa@chronoengine.com,6403152045,8858 Bobwhite Alley,11/15/2020,1/15/2022
372,Richy,Ludwell,rludwellab@theglobeandmail.com,5371033824,559 Pleasure Way,3/8/2020,5/10/2021
373,Bradney,Flear,bflearac@buzzfeed.com,9033875656,62 Waubesa Way,11/23/2018,10/25/2021
374,Koren,Folkerd,kfolkerdad@geocities.com,4577884263,90675 Coolidge Trail,3/4/2018,2/19/2022
375,Charmane,Frogley,cfrogleyae@ftc.gov,9897435557,0820 Becker Lane,8/31/2019,1/30/2020
376,Modesta,Beedon,mbeedonaf@tamu.edu,3176151332,2 Cody Junction,6/3/2018,11/21/2020
377,Shawnee,Alben,salbenag@mozilla.com,2097066956,8384 Delladonna Center,2/16/2019,12/14/2019
378,Alysa,Cowdroy,acowdroyah@clickbank.net,9966389872,6503 Meadow Vale Road,3/2/2019,5/21/2020
379,Leighton,Rate,lrateai@seesaa.net,9001004417,0533 Sherman Avenue,4/16/2020,9/8/2021
380,Maryanne,Ferraron,mferraronaj@mit.edu,7581104076,56 Buena Vista Circle,6/22/2020,5/9/2020
381,Tremaine,McCory,tmccoryak@is.gd,7448229420,95874 Westend Court,11/23/2020,4/14/2021
382,Abey,Aslett,aaslettal@globo.com,1563591222,1 Granby Street,3/2/2020,1/4/2022
383,Donaugh,Hallmark,dhallmarkam@furl.net,3666433052,1086 Roth Avenue,11/18/2017,10/20/2021
384,Krissy,Vaines,kvainesan@a8.net,3522269629,36 Old Gate Road,12/19/2018,3/19/2021
385,Kimberly,Ambroisin,kambroisinao@netvibes.com,6637157940,5521 Scofield Alley,2/6/2020,4/1/2021
386,Mike,Connaughton,mconnaughtonap@house.gov,4484927037,1 Luster Point,9/11/2019,4/30/2021
387,Cordey,Masham,cmashamaq@dell.com,3882905943,5 Transport Point,12/23/2018,9/22/2020
388,Jelene,Treherne,jtrehernear@geocities.jp,3232698265,6162 Gina Road,6/27/2020,6/3/2021
389,Darice,Issard,dissardas@pen.io,7648621866,9256 Oak Valley Trail,10/18/2019,11/6/2019
390,Normy,Libby,nlibbyat@smugmug.com,9856643827,7776 2nd Drive,10/9/2017,3/10/2022
391,Valentina,Dryburgh,vdryburghau@addtoany.com,6403726012,429 Chive Way,1/21/2018,3/29/2022
392,Evaleen,Laity,elaityav@loc.gov,3852977002,58 Stuart Place,8/3/2018,3/1/2022
393,Gerry,Baudasso,gbaudassoaw@lycos.com,1016773880,96583 Corscot Terrace,11/6/2020,12/7/2020
394,Lucretia,Rough,lroughax@skype.com,3855420785,81 Steensland Circle,1/1/2019,4/30/2020
395,Rolando,Shalcras,rshalcrasay@ibm.com,2808544686,2213 Northwestern Park,6/21/2018,9/9/2020
396,Wenonah,Corbie,wcorbieaz@fema.gov,9615798526,51 Carey Plaza,5/7/2019,12/11/2019
397,Kean,Greenroad,kgreenroadb0@list-manage.com,6105640389,01416 Armistice Parkway,2/27/2019,3/7/2020
398,Marcus,Luckie,mluckieb1@vimeo.com,3473423540,63772 Pepper Wood Road,7/15/2019,8/25/2020
399,Piper,Faustin,pfaustinb2@gizmodo.com,9928840728,0952 Sherman Pass,2/10/2020,3/2/2021
400,Mirna,Sharpin,msharpinb3@jigsy.com,7329901521,544 Service Alley,1/25/2020,2/19/2021
401,Orelle,Anten,oantenb4@rakuten.co.jp,3487658168,5480 Armistice Way,12/22/2017,6/1/2020
402,Roby,Beautyman,rbeautymanb5@dailymotion.com,1561435168,33275 Tennessee Circle,2/7/2019,1/3/2022
403,Hobart,Coyish,hcoyishb6@livejournal.com,6198039703,59 Sommers Trail,12/24/2018,10/26/2020
404,Staci,Boundy,sboundyb7@opera.com,2663783290,3892 Valley Edge Center,1/24/2018,9/19/2020
405,Vi,Orvis,vorvisb8@unc.edu,4155885683,25137 American Crossing,3/2/2019,5/4/2020
406,Hatty,Pearch,hpearchb9@lycos.com,6551117642,82282 Cordelia Place,8/24/2020,10/13/2020
407,Gaile,Sellar,gsellarba@earthlink.net,9016837839,0357 Hintze Center,10/25/2018,3/7/2021
408,Juanita,Escreet,jescreetbb@washington.edu,3444256613,1495 Sunnyside Point,6/29/2018,7/5/2021
409,Germaine,Parzis,gparzisbc@hostgator.com,9281028895,7 Atwood Park,3/8/2020,9/22/2021
410,Mandel,Lednor,mlednorbd@issuu.com,5134081143,08376 Messerschmidt Park,12/4/2019,3/3/2022
411,Sheeree,Allawy,sallawybe@discuz.net,2525455450,5 Sommers Street,1/15/2019,11/8/2019
412,Ciro,Lydden,clyddenbf@bloglines.com,3016859389,19971 Gale Crossing,5/14/2018,6/8/2021
413,Norry,Lindgren,nlindgrenbg@xrea.com,8696042118,7544 Novick Junction,8/7/2020,12/22/2021
414,Crista,Hexum,chexumbh@about.com,8268232656,3415 Forster Point,7/8/2020,2/23/2021
415,Almeria,Tibbetts,atibbettsbi@slashdot.org,9379063487,0 Badeau Court,9/7/2018,8/5/2021
416,Abey,Keepin,akeepinbj@lycos.com,3051148380,7 Village Drive,6/29/2020,7/26/2021
417,Neale,Headingham,nheadinghambk@toplist.cz,8916169119,67229 Melody Alley,12/11/2020,10/14/2021
418,Kaycee,Blenkiron,kblenkironbl@wired.com,4281067243,60827 Comanche Plaza,10/7/2020,4/5/2021
419,Launce,Gibling,lgiblingbm@narod.ru,1848774611,616 Kropf Park,5/24/2019,3/30/2020
420,Sheri,Espinos,sespinosbn@sun.com,8155332692,9 Anhalt Crossing,7/27/2020,11/27/2019
421,Paxton,MacPeake,pmacpeakebo@multiply.com,7407618811,64243 Oak Way,12/22/2017,6/3/2021
422,Sisile,Scardafield,sscardafieldbp@paypal.com,8522273138,28 Sunbrook Pass,2/24/2020,5/20/2020
423,Ellwood,Wogan,ewoganbq@dyndns.org,2997578597,01950 Shoshone Court,10/14/2018,5/21/2020
424,Darleen,Sarrell,dsarrellbr@hostgator.com,2963026909,9553 Kim Park,4/22/2018,4/30/2021
425,Vinson,Tomasutti,vtomasuttibs@domainmarket.com,4541209771,7 Arizona Road,8/24/2018,3/3/2020
426,Hadleigh,Roake,hroakebt@upenn.edu,1439598059,23 Dakota Circle,11/25/2019,12/14/2019
427,Tammi,Gowlett,tgowlettbu@omniture.com,5629181463,94 Killdeer Terrace,9/16/2018,5/17/2020
428,Linet,Duesberry,lduesberrybv@huffingtonpost.com,9292117432,25051 Fremont Park,3/5/2019,7/26/2021
429,Cherianne,Madoc-Jones,cmadocjonesbw@last.fm,6122293907,64979 Village Pass,7/2/2018,12/1/2021
430,Cissiee,O'Fallon,cofallonbx@cdbaby.com,1248645582,9 Loomis Parkway,6/14/2019,1/27/2020
431,Leodora,Beatey,lbeateyby@amazon.co.uk,2915372519,858 Caliangt Street,1/30/2018,2/7/2022
432,Vale,Giacoppo,vgiacoppobz@wired.com,5696562370,42 Red Cloud Street,5/8/2018,2/25/2020
433,Hyatt,Mansford,hmansfordc0@vistaprint.com,1077163282,8849 Waubesa Court,8/20/2018,8/24/2020
434,Arne,Sidry,asidryc1@google.es,7474069670,4 Canary Center,1/30/2020,6/14/2021
435,Callie,Avery,caveryc2@prweb.com,6611117351,30631 Quincy Street,7/5/2018,9/22/2021
436,Byron,Ferguson,bfergusonc3@jalbum.net,5016991119,4 Del Sol Pass,1/15/2018,2/27/2022
437,Bert,Wakeford,bwakefordc4@theguardian.com,7525960488,28101 Algoma Hill,8/5/2018,6/29/2020
438,Gregory,Montez,gmontezc5@deliciousdays.com,9383187665,04 Hanover Pass,5/9/2018,10/27/2021
439,Lianne,Pesic,lpesicc6@indiegogo.com,1909780943,9 Meadow Ridge Terrace,4/5/2020,1/12/2022
440,Peta,O'Geaney,pogeaneyc7@unc.edu,7939686611,653 Fair Oaks Center,5/20/2018,3/29/2020
441,Ameline,Barstow,abarstowc8@zdnet.com,5934798928,16989 Welch Parkway,1/10/2020,9/9/2020
442,Shirley,Cullon,scullonc9@dropbox.com,9621923996,25 Kensington Plaza,6/1/2020,12/6/2021
443,Vitoria,Sandaver,vsandaverca@wiley.com,5337100523,18 Novick Crossing,6/8/2019,9/5/2021
444,Oliviero,MacMurray,omacmurraycb@fotki.com,2585128351,0 Thierer Avenue,8/5/2020,5/21/2021
445,Randa,Hedgecock,rhedgecockcc@ameblo.jp,5323355758,5761 Lawn Alley,9/21/2019,7/5/2020
446,Alberto,De Giorgi,adegiorgicd@marketwatch.com,3685235226,02662 Londonderry Trail,6/7/2020,5/15/2021
447,Goddart,Neary,gnearyce@google.nl,9408761252,67 Emmet Parkway,12/21/2019,10/30/2019
448,Brose,Duchenne,bduchennecf@is.gd,1038563664,28 South Hill,4/6/2019,2/26/2021
449,Neddie,Ryrie,nryriecg@vistaprint.com,3932312651,17 Daystar Drive,7/14/2019,11/12/2021
450,Florry,Ledamun,fledamunch@furl.net,3925666268,87079 New Castle Terrace,7/29/2018,2/15/2021
451,Madlen,Philcox,mphilcoxci@free.fr,9702316264,9625 Rutledge Place,10/6/2017,6/4/2020
452,Sergeant,Amthor,samthorcj@boston.com,4312496782,9 Lunder Road,9/25/2019,9/28/2020
453,Sophronia,McCoy,smccoyck@gnu.org,1439545347,5 Waubesa Road,1/7/2020,8/16/2021
454,Aurilia,Fermin,afermincl@flickr.com,7855615185,120 Mallard Avenue,11/15/2018,10/25/2019
455,Darby,Casaroli,dcasarolicm@comsenz.com,7791489503,28882 Shasta Point,2/12/2020,2/11/2020
456,Phelia,Cubbinelli,pcubbinellicn@phoca.cz,3306447223,10 Melody Park,8/27/2020,8/28/2020
457,Drucy,Currie,dcurrieco@umich.edu,8223414093,6355 Weeping Birch Place,5/6/2018,3/1/2022
458,Burl,Howsam,bhowsamcp@senate.gov,8443261356,4 Colorado Park,12/14/2020,10/24/2019
459,Margit,Solan,msolancq@cnet.com,7984016382,932 Quincy Plaza,8/8/2019,3/17/2022
460,Lazare,Valeri,lvalericr@princeton.edu,9472227501,7 Dovetail Junction,9/15/2019,4/24/2021
461,Efrem,Ingleton,eingletoncs@disqus.com,3163997377,7507 Vermont Plaza,11/26/2019,7/9/2021
462,Saw,MacIver,smaciverct@creativecommons.org,5251464999,7 Nancy Lane,6/2/2018,12/3/2021
463,Leighton,Cotes,lcotescu@cloudflare.com,9518793802,34 Shopko Crossing,5/27/2020,2/4/2020
464,Nonna,Hawkwood,nhawkwoodcv@accuweather.com,5004483065,76 Maryland Street,10/10/2018,9/6/2021
465,Debor,Filipson,dfilipsoncw@xing.com,7458903312,776 Melvin Parkway,7/15/2018,12/7/2019
466,Tudor,Beacock,tbeacockcx@woothemes.com,8391984318,9 Toban Trail,7/13/2019,2/27/2020
467,Garvin,Afonso,gafonsocy@house.gov,6984719258,0969 Elgar Center,5/10/2018,3/2/2021
468,Linea,Coggell,lcoggellcz@ucla.edu,9586996201,2531 Anhalt Avenue,4/26/2019,3/29/2022
469,Pris,Rappport,prappportd0@spiegel.de,1747473013,8 Sutherland Park,10/4/2020,12/14/2019
470,Nappie,Killimister,nkillimisterd1@netscape.com,9179854620,06966 Springs Plaza,8/10/2019,3/29/2022
471,Cedric,Coryndon,ccoryndond2@sourceforge.net,6586517948,334 Sherman Park,11/10/2020,5/4/2021
472,Wolfie,Diess,wdiessd3@biglobe.ne.jp,3592351865,00 Harper Plaza,5/15/2019,5/10/2020
473,Melissa,Vigne,mvigned4@seattletimes.com,6535644505,917 Anderson Circle,11/6/2017,5/25/2021
474,Ivett,Wainman,iwainmand5@addtoany.com,7668871069,321 Quincy Lane,11/27/2018,12/26/2021
475,Lyle,Rawne,lrawned6@netscape.com,9118349963,50488 Bobwhite Hill,2/23/2018,11/14/2021
476,Jemmy,Say,jsayd7@scientificamerican.com,7763329775,0060 3rd Park,2/3/2019,3/9/2021
477,Edith,Russo,erussod8@ezinearticles.com,3945552810,77982 Mitchell Court,9/1/2018,7/11/2021
478,Roland,Leftridge,rleftridged9@gov.uk,7953723652,367 Moose Drive,6/28/2019,1/31/2022
479,Guillemette,Kelf,gkelfda@t.co,6153613376,14684 Crownhardt Center,2/6/2019,5/28/2021
480,Conan,Duprey,cdupreydb@google.es,5644114231,4116 Dakota Terrace,8/14/2019,7/15/2020
481,Cristal,Landes,clandesdc@mapquest.com,3254105766,2 Butternut Center,2/24/2020,10/10/2021
482,Scarlett,Sutherington,ssutheringtondd@newyorker.com,9219349539,92454 Northview Junction,2/10/2018,5/4/2021
483,Spencer,O' Flaherty,soflahertyde@istockphoto.com,3367084790,5 Porter Pass,1/10/2018,1/24/2021
484,Lyda,Dimblebee,ldimblebeedf@mtv.com,3174771211,69 Parkside Park,12/10/2020,11/3/2019
485,Orville,Mouth,omouthdg@prnewswire.com,6059697354,3483 Dexter Trail,6/19/2018,3/13/2020
486,Carmina,Lorinez,clorinezdh@latimes.com,8006275104,86 Trailsway Place,9/6/2018,4/9/2021
487,Jessika,Dibson,jdibsondi@ucoz.ru,4136600374,9929 Barby Avenue,11/16/2019,4/13/2020
488,Pammy,Merring,pmerringdj@flavors.me,8184747740,499 Spohn Center,2/11/2020,6/23/2021
489,Kayne,Sealand,ksealanddk@netscape.com,2847931701,9917 Sachtjen Place,9/27/2018,4/28/2021
490,Jaquelyn,Moir,jmoirdl@ovh.net,9582749180,3 Nobel Street,2/17/2020,11/18/2021
491,Robina,Studdard,rstuddarddm@wikia.com,4465344468,55 Bellgrove Trail,6/9/2020,11/27/2021
492,Aurelea,Serle,aserledn@nih.gov,8973600682,1129 Nova Trail,12/13/2017,4/22/2020
493,Caddric,Alan,calando@ucsd.edu,5673220297,2 Corry Drive,6/24/2018,12/3/2019
494,Josee,Hawton,jhawtondp@mapquest.com,3085441485,9 Coleman Hill,1/14/2018,7/24/2020
495,Bobbee,Elms,belmsdq@marriott.com,5859010620,2 Anhalt Hill,12/16/2020,10/15/2020
496,Nicolais,Beadham,nbeadhamdr@cnn.com,9743939014,382 Blackbird Park,5/12/2020,6/12/2020
497,Toddy,Aspital,taspitalds@chronoengine.com,9533493279,0499 4th Terrace,3/22/2019,3/26/2021
498,Cal,Hagart,chagartdt@de.vu,6687273729,6 Steensland Road,12/14/2019,4/7/2022
499,Clo,Gebbe,cgebbedu@google.nl,5883162635,4 Graceland Lane,11/21/2019,1/11/2021
500,Ber,Giacopello,bgiacopellodv@jimdo.com,6393557841,9 Vidon Junction,11/1/2017,11/6/2020
501,Chrystel,Gudyer,cgudyerdw@telegraph.co.uk,6834813521,91017 Trailsway Crossing,3/8/2020,4/15/2020
502,Trista,Annatt,tannattdx@prlog.org,3839024561,292 Forest Dale Court,11/22/2019,5/11/2021
503,Loretta,Smerdon,lsmerdondy@wufoo.com,4016202060,7904 Dwight Street,9/8/2020,4/30/2020
504,Sharline,Sowden,ssowdendz@lycos.com,4824354046,01064 Rutledge Junction,1/17/2018,11/7/2021
505,Loralee,Inkles,linklese0@creativecommons.org,7622164071,431 Sugar Alley,1/30/2020,4/12/2022
506,Brandais,Algate,balgatee1@hubpages.com,2801653227,3026 Grayhawk Alley,2/16/2019,9/18/2020
507,Finley,Mulheron,fmulherone2@theglobeandmail.com,2329916526,542 Moland Lane,7/23/2020,11/6/2020
508,Almeda,Stummeyer,astummeyere3@ca.gov,9113478305,187 Marcy Crossing,3/4/2020,4/6/2020
509,Jacquelyn,Petrichat,jpetrichate4@amazon.co.jp,8654987011,53 Crescent Oaks Plaza,8/14/2018,12/14/2020
510,Munmro,Reoch,mreoche5@amazon.com,6219067079,88 Donald Park,1/29/2018,8/21/2021
511,Karly,Coltart,kcoltarte6@apple.com,6037229000,52423 Union Street,10/18/2017,12/4/2019
512,Gabi,Dawkes,gdawkese7@shutterfly.com,5015305967,25044 Lakewood Road,11/12/2019,1/4/2020
513,Francklin,Dayer,fdayere8@gravatar.com,1853505512,00147 Schiller Crossing,12/14/2019,9/27/2021
514,Richard,Bindley,rbindleye9@sitemeter.com,7784870030,12002 Alpine Way,11/12/2017,10/22/2021
515,Kiley,Jugging,kjuggingea@liveinternet.ru,3812959859,86857 Granby Hill,11/8/2018,12/10/2020
516,Jonie,Larwood,jlarwoodeb@unesco.org,4648262655,78 Hermina Parkway,10/10/2020,3/17/2022
517,Adoree,Wyles,awylesec@purevolume.com,9385355618,016 Corscot Parkway,12/6/2017,4/14/2021
518,Josselyn,Larrington,jlarringtoned@umn.edu,1259843969,147 Monument Crossing,8/8/2018,7/27/2021
519,Cybil,Fairtlough,cfairtloughee@amazonaws.com,1668489945,4 Roth Park,6/2/2019,10/27/2020
520,Imojean,Lushey,ilusheyef@google.pl,8389817981,73 Russell Trail,2/8/2018,4/22/2022
521,Jayme,Maraga,jmaragaeg@aboutads.info,8987297267,6355 Grasskamp Terrace,12/9/2017,7/30/2020
522,Donalt,Gillman,dgillmaneh@mapy.cz,6894861203,4 Butterfield Lane,2/29/2020,2/24/2021
523,Karisa,Maginn,kmaginnei@un.org,2941993100,69 Fair Oaks Park,7/16/2018,4/16/2021
524,Yovonnda,Dawidman,ydawidmanej@1688.com,9919161486,74 Main Court,10/19/2020,6/22/2020
525,Lorne,Claxton,lclaxtonek@china.com.cn,4812041218,27879 Springs Plaza,4/10/2019,11/9/2020
526,Kelci,Hamel,khamelel@tiny.cc,2359687002,7 Buell Crossing,9/8/2018,2/17/2020
527,Alvina,Cheel,acheelem@mac.com,6264690276,6 Bartelt Terrace,11/22/2018,2/27/2022
528,Pooh,Woolmore,pwoolmoreen@nhs.uk,6896889018,9 Sundown Avenue,12/13/2019,7/20/2021
529,Sibella,MacCaughan,smaccaughaneo@storify.com,3453690705,0 Moulton Pass,12/8/2019,8/9/2020
530,Doti,Worswick,dworswickep@google.fr,3738888410,1935 Sherman Road,3/7/2018,9/29/2021
531,Mellisent,Duell,mduelleq@dion.ne.jp,8213311810,8 Scofield Lane,11/28/2019,7/26/2020
532,Danika,Gent,dgenter@dmoz.org,6716903209,84 Summerview Circle,3/23/2018,12/31/2019
533,Moll,Ianniello,miannielloes@tinypic.com,5517484704,8 Anniversary Alley,6/29/2019,12/20/2019
534,Flemming,Janiak,fjaniaket@harvard.edu,4964918750,7 Victoria Alley,5/4/2020,9/7/2021
535,Bertine,De Cristofalo,bdecristofaloeu@timesonline.co.uk,6014110234,2708 Amoth Road,12/11/2020,5/7/2020
536,Putnam,MacSkeagan,pmacskeaganev@ycombinator.com,5145277606,78 Badeau Hill,5/29/2019,2/16/2022
537,Colette,Cornau,ccornauew@auda.org.au,1158615740,76152 Mcbride Center,3/28/2019,5/22/2020
538,Sheila-kathryn,Fulger,sfulgerex@about.com,5719139473,0 Ryan Park,6/11/2018,12/3/2019
539,Chrissie,Foston,cfostoney@yahoo.co.jp,3288909752,20859 Marquette Court,3/2/2020,4/12/2022
540,Jeffie,Tretwell,jtretwellez@gizmodo.com,2584691626,559 Bobwhite Parkway,11/28/2019,10/30/2020
541,Kippar,Lamblin,klamblinf0@drupal.org,1597000399,4594 Mallard Circle,12/1/2019,12/7/2021
542,Joelly,Sperrett,jsperrettf1@seesaa.net,9043063447,9 Brentwood Circle,10/12/2019,9/13/2021
543,Ettore,Mott,emottf2@berkeley.edu,6948520781,1485 Dexter Lane,5/24/2018,8/30/2021
544,Terri,Trevenu,ttrevenuf3@latimes.com,1597895439,5880 Oxford Point,5/24/2020,10/19/2020
545,Sargent,Zoren,szorenf4@1und1.de,5955917885,039 Monument Circle,3/27/2019,12/28/2019
546,Brent,Prayer,bprayerf5@si.edu,7135845775,23435 Monterey Pass,12/7/2020,5/27/2021
547,Breanne,Klejin,bklejinf6@yahoo.com,2045454454,5917 Annamark Plaza,5/3/2019,8/9/2020
548,Joseph,Muehle,jmuehlef7@comcast.net,4565409989,904 Larry Park,11/9/2019,5/24/2020
549,Hyacinth,Eke,hekef8@lycos.com,3134089028,885 Dawn Way,12/27/2019,7/25/2021
550,Ranique,Keir,rkeirf9@e-recht24.de,7829102394,6 Fair Oaks Crossing,6/2/2019,4/9/2020
551,Jodie,Guisot,jguisotfa@spiegel.de,2942089518,5 Magdeline Parkway,4/12/2019,3/10/2022
552,Viviene,Middleweek,vmiddleweekfb@jimdo.com,5744124064,06574 Jay Alley,11/16/2018,2/9/2021
553,Steward,Tutchener,stutchenerfc@4shared.com,6847618774,9682 Warrior Terrace,10/29/2019,6/3/2020
554,Cher,Harness,charnessfd@fda.gov,8801945142,877 Johnson Avenue,11/3/2018,11/22/2021
555,Larisa,Yesenin,lyeseninfe@eepurl.com,5845956587,612 Sloan Junction,1/11/2019,1/15/2020
556,Leoline,Rivalant,lrivalantff@cocolog-nifty.com,1694794613,522 Petterle Court,9/6/2018,11/24/2021
557,Megan,McGahey,mmcgaheyfg@comsenz.com,4399641311,47 Elmside Park,2/12/2019,10/16/2020
558,Fields,Puden,fpudenfh@360.cn,1658608288,3961 Hayes Drive,4/13/2019,12/28/2019
559,Cullie,Nijssen,cnijssenfi@lycos.com,8028189946,9146 Duke Way,5/18/2019,8/3/2020
560,Arlin,Atter,aatterfj@dmoz.org,8474495181,8950 Darwin Circle,3/2/2018,11/29/2019
561,Leroy,McKenney,lmckenneyfk@examiner.com,6243629359,02231 Loeprich Drive,5/2/2018,5/22/2020
562,Hasty,Scantlebury,hscantleburyfl@fastcompany.com,7459233444,1 8th Court,10/11/2019,8/1/2020
563,Olivier,Cheale,ochealefm@mapquest.com,6002864156,660 Northland Trail,3/1/2019,10/25/2020
564,Ozzy,Pierucci,opieruccifn@blogger.com,5093579117,9042 Macpherson Alley,12/4/2018,11/14/2021
565,Virginie,Etock,vetockfo@cbslocal.com,1368938977,73692 Melrose Lane,11/16/2018,7/22/2020
566,Delly,Betz,dbetzfp@netscape.com,7812350823,400 Elgar Avenue,4/25/2019,4/10/2022
567,Gabbie,Bitcheno,gbitchenofq@tinypic.com,9922178149,8591 Doe Crossing Terrace,8/6/2018,10/24/2021
568,Zedekiah,Edgeson,zedgesonfr@apple.com,5845031653,901 Duke Pass,7/29/2019,5/11/2021
569,Hieronymus,Bamfield,hbamfieldfs@wunderground.com,9301101116,5757 Anthes Park,10/6/2017,4/11/2020
570,Jaymee,Ivushkin,jivushkinft@mysql.com,9066603969,83 Tennyson Place,12/1/2018,11/2/2019
571,Weylin,Losty,wlostyfu@networksolutions.com,6566730099,4 Raven Alley,11/15/2017,12/1/2021
572,Rianon,Clamo,rclamofv@walmart.com,5338827680,75 Fordem Avenue,2/11/2020,1/25/2021
573,Ignaz,Titt,itittfw@squidoo.com,6761452027,8502 Lakewood Trail,11/20/2020,8/13/2021
574,Maritsa,Cammack,mcammackfx@virginia.edu,1664827664,23868 Katie Terrace,12/31/2017,1/17/2022
575,Aristotle,Bothram,abothramfy@blogspot.com,5183334155,90670 Linden Court,4/11/2019,1/18/2021
576,Phineas,Marquand,pmarquandfz@nih.gov,5938610702,9 Vermont Trail,11/4/2019,3/11/2021
577,Prentiss,Richens,prichensg0@liveinternet.ru,9022747907,362 Rutledge Road,12/5/2019,3/24/2022
578,Adolph,Garham,agarhamg1@dedecms.com,5641502884,83849 Pennsylvania Avenue,1/8/2020,6/20/2021
579,Morgana,Cruddas,mcruddasg2@tuttocitta.it,4983885746,85122 Leroy Road,7/20/2018,4/1/2022
580,Ax,Giacoppoli,agiacoppolig3@goodreads.com,6915673286,2 Butternut Way,7/27/2019,6/29/2021
581,Zorah,Goodale,zgoodaleg4@canalblog.com,7259017196,01 Del Sol Lane,6/13/2019,10/27/2020
582,Davita,Poller,dpollerg5@domainmarket.com,9575355821,5410 Warbler Alley,4/11/2018,5/30/2021
583,Griffie,MacRury,gmacruryg6@woothemes.com,8405222101,9658 Village Green Plaza,6/13/2018,8/24/2021
584,Mortie,d'Arcy,mdarcyg7@scientificamerican.com,6414230302,68 Sauthoff Place,7/23/2019,1/4/2020
585,Adelice,Goade,agoadeg8@instagram.com,7248632708,351 1st Trail,12/15/2017,10/14/2021
586,Hilde,Duffell,hduffellg9@simplemachines.org,2211036159,4526 Rockefeller Road,7/11/2018,6/30/2020
587,Delcine,Arlidge,darlidgega@spiegel.de,1757179703,2 Sundown Trail,3/7/2018,6/7/2020
588,Keith,Covell,kcovellgb@blogs.com,3306396798,07861 Shoshone Junction,9/18/2018,4/21/2021
589,Reinold,Carle,rcarlegc@twitpic.com,9111644167,83 Springview Pass,10/20/2018,5/23/2020
590,Erwin,Aloshechkin,ealoshechkingd@bbc.co.uk,3887867571,747 Cascade Pass,1/16/2020,10/19/2021
591,Kinna,McCloy,kmccloyge@chronoengine.com,2923431621,643 Center Plaza,2/2/2020,12/29/2019
592,Rodrigo,Cast,rcastgf@wired.com,4178446564,20912 Hermina Road,1/28/2018,12/8/2020
593,Erin,Soall,esoallgg@blogger.com,3529989189,7 Hansons Way,12/12/2018,7/29/2020
594,Judah,Flaxon,jflaxongh@wikipedia.org,9531388608,041 Continental Hill,10/10/2018,12/20/2019
595,Aggi,Aleksich,aaleksichgi@github.com,9235900024,8 Northwestern Parkway,12/12/2018,11/4/2021
596,Pattie,Breeds,pbreedsgj@usgs.gov,3641599798,5291 Anderson Drive,7/23/2019,2/24/2021
597,Fran,Soltan,fsoltangk@barnesandnoble.com,9816868506,7 Quincy Parkway,12/8/2018,1/1/2022
598,Shanda,Ligoe,sligoegl@fastcompany.com,7795375274,70721 Reindahl Pass,3/20/2019,3/26/2022
599,Nikkie,Pledger,npledgergm@npr.org,7694373200,594 Reindahl Drive,9/29/2019,4/7/2021
600,Felicity,Burtenshaw,fburtenshawgn@un.org,3678456888,80 Prairieview Crossing,6/15/2020,7/10/2020
601,Turner,Scarth,tscarthgo@phpbb.com,1033162218,39126 Waxwing Street,1/18/2020,1/22/2021
602,Judith,Hackey,jhackeygp@seattletimes.com,3368271903,40036 Emmet Place,6/1/2020,1/5/2020
603,Robyn,Canto,rcantogq@a8.net,8355726127,63 Graceland Parkway,3/31/2019,6/18/2020
604,Bartholemy,Heams,bheamsgr@4shared.com,1152011028,7 Vera Court,2/18/2019,7/24/2021
605,Vania,Regnard,vregnardgs@zimbio.com,7449617984,31 Pleasure Drive,6/7/2019,10/22/2020
606,Manda,Manicomb,mmanicombgt@1und1.de,2659756311,3984 Delladonna Point,9/14/2020,1/10/2022
607,Zacherie,Mainz,zmainzgu@opensource.org,5969693235,74880 Mcbride Trail,10/18/2018,5/23/2020
608,Garrek,Poor,gpoorgv@vkontakte.ru,5646404222,9328 Redwing Road,10/13/2018,11/21/2021
609,Julio,Spincke,jspinckegw@usda.gov,8521909756,5 Mandrake Road,6/11/2020,3/2/2021
610,Larine,Baldack,lbaldackgx@biblegateway.com,8509504697,72675 Spaight Circle,9/16/2019,9/23/2021
611,Lemmy,Skrine,lskrinegy@stanford.edu,9046693234,9945 Evergreen Junction,10/3/2020,6/10/2020
612,Donovan,Le Sarr,dlesarrgz@purevolume.com,9072374794,3 Judy Park,4/21/2019,6/10/2021
613,Barris,Nutton,bnuttonh0@acquirethisname.com,1532992714,55 Parkside Pass,4/20/2018,10/2/2021
614,Danny,Feldmark,dfeldmarkh1@mtv.com,1554434890,995 Dixon Point,10/17/2018,9/19/2020
615,Othello,Peddar,opeddarh2@cmu.edu,9164229804,320 Merry Park,7/11/2019,9/14/2021
616,Benjamen,Bolzmann,bbolzmannh3@seesaa.net,1732342383,64 Banding Center,12/31/2018,6/24/2020
617,Gianna,Iacobo,giacoboh4@ezinearticles.com,6089898594,62956 Heffernan Point,4/21/2018,3/28/2022
618,Brigid,Avory,bavoryh5@dailymotion.com,2655711906,11 Donald Parkway,1/17/2019,2/23/2022
619,Tildie,Netherwood,tnetherwoodh6@stanford.edu,3303827740,18396 Pine View Pass,1/1/2020,7/22/2020
620,Nikki,Lopes,nlopesh7@scribd.com,5533318967,403 Golden Leaf Pass,1/18/2020,7/11/2020
621,Gusta,Iwanczyk,giwanczykh8@ucla.edu,3572924324,694 Village Crossing,6/1/2018,5/20/2020
622,Harli,Lerwell,hlerwellh9@free.fr,4346561126,9 Towne Way,4/23/2019,3/1/2022
623,Wilt,Cottee,wcotteeha@spotify.com,4393237101,5076 Oriole Parkway,11/8/2019,4/13/2022
624,Chucho,Fishlee,cfishleehb@dmoz.org,5189711865,27 Muir Junction,11/6/2018,2/19/2022
625,Billye,Ventham,bventhamhc@altervista.org,4337259057,5 Acker Plaza,9/15/2018,7/31/2021
626,Kettie,Evill,kevillhd@alexa.com,5759754560,81288 Harper Way,5/2/2020,3/20/2021
627,Nickola,Purchall,npurchallhe@purevolume.com,8815657806,0266 Butternut Alley,11/8/2020,12/30/2019
628,Jody,Dimsdale,jdimsdalehf@utexas.edu,7169125976,64 American Crossing,9/24/2019,4/14/2020
629,Editha,Whiles,ewhileshg@ted.com,7579000577,43793 Carey Parkway,8/29/2020,11/1/2020
630,Neel,Restill,nrestillhh@netscape.com,5296005478,95 Forest Dale Avenue,11/1/2019,6/17/2021
631,Morly,De Malchar,mdemalcharhi@deliciousdays.com,7089108012,34 Shasta Court,2/25/2020,12/18/2021
632,Monah,Yabsley,myabsleyhj@imageshack.us,8304056471,30 Oak Hill,9/13/2018,2/10/2020
633,Janela,Saintsbury,jsaintsburyhk@google.de,5646461808,5427 5th Street,10/24/2019,10/12/2021
634,Werner,Horsley,whorsleyhl@addtoany.com,7978685869,0572 Sachs Place,10/18/2020,1/12/2021
635,Carrol,Gaffney,cgaffneyhm@mit.edu,8708300648,955 Tennessee Center,11/15/2019,11/3/2020
636,Bobby,Benediktsson,bbenediktssonhn@so-net.ne.jp,8309129783,00946 Sundown Circle,12/12/2018,9/25/2020
637,Leda,Rihosek,lrihosekho@usatoday.com,5761605154,9 Mendota Plaza,7/25/2020,4/16/2022
638,Barbabas,Bispo,bbispohp@opera.com,8171843255,556 Briar Crest Point,10/15/2019,1/31/2020
639,Lydie,Hammerberg,lhammerberghq@sakura.ne.jp,6123737119,26 Hudson Lane,9/23/2019,6/21/2020
640,Dmitri,Snoxill,dsnoxillhr@cnet.com,7358604677,847 Daystar Road,11/18/2017,12/3/2021
641,Winne,Kliment,wklimenths@msn.com,9635964617,5073 Farmco Plaza,2/16/2019,1/6/2021
642,Malina,Seaman,mseamanht@ifeng.com,8849422068,62 Lien Park,10/15/2019,12/30/2019
643,Ancell,Beining,abeininghu@sciencedaily.com,3035043696,82 Hanover Trail,8/6/2018,8/15/2021
644,Pierette,Hebborne,phebbornehv@alexa.com,8881903796,2 Dixon Junction,10/14/2017,4/16/2021
645,Toiboid,Shimman,tshimmanhw@aol.com,8974717363,03936 Fieldstone Court,11/17/2020,3/5/2020
646,Lanny,Swannack,lswannackhx@homestead.com,4698501187,67103 Brentwood Park,12/10/2019,7/9/2020
647,Gunter,Krojn,gkrojnhy@youtu.be,5852840105,629 Bobwhite Point,2/4/2018,7/10/2020
648,Averell,Fenney,afenneyhz@prlog.org,3786037273,166 East Plaza,3/19/2020,11/13/2020
649,Corny,McLenaghan,cmclenaghani0@tinypic.com,6124864633,837 Cambridge Pass,3/13/2020,10/21/2021
650,Perry,Dargie,pdargiei1@usa.gov,1852370848,96 Dixon Lane,2/5/2019,6/27/2021
651,Lanny,Leroux,llerouxi2@cocolog-nifty.com,7773581542,321 Londonderry Point,12/26/2019,7/21/2020
652,Hildegaard,Pays,hpaysi3@drupal.org,6536115634,91 Laurel Plaza,9/8/2020,11/30/2021
653,Martainn,Peagrim,mpeagrimi4@gov.uk,3075188484,9997 Hovde Trail,9/14/2019,12/3/2019
654,Bertram,Hasley,bhasleyi5@ucsd.edu,1739925472,54 Eliot Pass,9/24/2018,11/19/2019
655,Burl,Nulty,bnultyi6@youtu.be,9893522277,117 Anthes Park,4/25/2019,2/2/2020
656,Babita,Powrie,bpowriei7@senate.gov,4844049110,912 Aberg Plaza,10/9/2020,11/10/2019
657,Elisabet,Danilevich,edanilevichi8@shareasale.com,9588934904,6496 Thierer Plaza,12/7/2019,4/8/2022
658,Cristobal,Kleanthous,ckleanthousi9@ft.com,8598735745,17597 Heath Road,5/15/2018,10/26/2020
659,Kaycee,Bicknell,kbicknellia@hp.com,6252607328,7 Eastwood Circle,2/3/2020,6/6/2020
660,Philly,Husband,phusbandib@de.vu,2326945366,21546 Dexter Point,5/16/2018,4/19/2022
661,Asa,Farrier,afarrieric@sitemeter.com,9536340774,6 Esch Parkway,8/25/2019,1/12/2022
662,Esmeralda,Crowe,ecroweid@privacy.gov.au,9255304116,83487 Dexter Circle,9/18/2020,6/10/2020
663,Lorraine,Pagelsen,lpagelsenie@liveinternet.ru,9051330824,32 Farmco Parkway,1/30/2019,7/23/2021
664,Alexina,Halstead,ahalsteadif@umich.edu,5334260415,9 Tony Center,7/19/2018,12/2/2020
665,Fairlie,Larenson,flarensonig@hubpages.com,7158502257,55 Di Loreto Hill,4/13/2019,10/5/2021
666,Cornelle,Wigsell,cwigsellih@pinterest.com,9154087643,49 Barnett Terrace,5/11/2020,2/13/2020
667,Arlee,Melbury,amelburyii@techcrunch.com,4711475550,62546 Walton Point,8/19/2019,3/30/2021
668,Steffane,Durden,sdurdenij@opensource.org,1436688681,60 Hollow Ridge Pass,6/15/2018,9/19/2020
669,Justinn,Cape,jcapeik@patch.com,2894949671,00365 Sundown Hill,1/14/2018,11/5/2019
670,Berte,Dreus,bdreusil@domainmarket.com,9628776675,14876 Kings Trail,9/15/2020,10/27/2019
671,Aguie,Swin,aswinim@msu.edu,1219255086,3098 Northland Trail,3/31/2020,12/27/2020
672,Matthieu,Esby,mesbyin@theglobeandmail.com,1723448953,8340 Fairview Avenue,10/26/2020,11/25/2020
673,Suzy,Colt,scoltio@wiley.com,1673501974,09 Schurz Street,6/23/2019,12/15/2021
674,Hildy,Massimi,hmassimiip@studiopress.com,6733330225,1 Waywood Park,11/4/2017,10/26/2019
675,Justine,Bolte,jbolteiq@boston.com,1189797548,3 Haas Center,10/29/2019,4/18/2022
676,Rana,Ranaghan,rranaghanir@mozilla.com,6352508001,433 Kennedy Plaza,8/30/2018,11/6/2019
677,Sher,Tosdevin,stosdevinis@histats.com,3669409897,522 Vidon Trail,4/24/2018,7/23/2021
678,Nicolea,Umpleby,numplebyit@sun.com,7449640447,523 Lawn Plaza,3/2/2020,11/14/2020
679,Stinky,D'Alesio,sdalesioiu@utexas.edu,2901596279,74519 Banding Pass,2/6/2019,11/16/2019
680,Dacy,Camplen,dcampleniv@google.ru,6462854105,146 Blackbird Court,12/2/2017,3/21/2020
681,Rowney,Gomby,rgombyiw@wix.com,7535583855,38633 Valley Edge Way,4/13/2019,12/8/2021
682,Sim,Dashkov,sdashkovix@hc360.com,7435929425,26295 Bunting Hill,6/16/2020,4/25/2022
683,Bryon,Nason,bnasoniy@wsj.com,6332499444,863 West Parkway,11/1/2018,5/7/2020
684,Andrey,Boik,aboikiz@omniture.com,8949514088,2 Starling Street,7/21/2018,9/22/2020
685,Bab,Aldwich,baldwichj0@umn.edu,4805651483,1 Hintze Lane,5/10/2020,12/24/2021
686,Hobart,Rooksby,hrooksbyj1@skyrock.com,1494651008,97 Park Meadow Crossing,2/19/2018,5/18/2020
687,Cookie,Gillis,cgillisj2@twitter.com,8178396584,890 Oriole Lane,11/16/2020,11/26/2019
688,Lonna,Georges,lgeorgesj3@wordpress.com,5532757913,58 Vidon Street,6/27/2018,11/22/2021
689,Pamela,McLeese,pmcleesej4@ft.com,2122393870,6 Boyd Crossing,6/5/2018,4/27/2022
690,Eddi,Harker,eharkerj5@privacy.gov.au,5152646548,11 Mendota Terrace,12/31/2019,4/28/2022
691,Mathe,Braybrookes,mbraybrookesj6@cam.ac.uk,8313290510,74 Rieder Park,12/3/2019,4/13/2020
692,Mair,Killiam,mkilliamj7@pcworld.com,7685929410,24914 Northview Avenue,1/23/2020,4/14/2021
693,Pennie,Brosius,pbrosiusj8@sciencedaily.com,5122595922,8 Sycamore Hill,2/29/2020,11/25/2019
694,Codi,Mayze,cmayzej9@ucoz.com,2337551235,7550 Doe Crossing Avenue,11/16/2017,6/29/2020
695,Julianna,Coite,jcoiteja@accuweather.com,8162023376,11 International Plaza,1/28/2019,2/8/2020
696,Dode,Spuffard,dspuffardjb@phoca.cz,8904576233,3 Colorado Parkway,11/24/2018,1/8/2021
697,Twyla,McClaughlin,tmcclaughlinjc@odnoklassniki.ru,8569747203,169 Fairfield Terrace,10/19/2017,8/31/2020
698,Brett,Romke,bromkejd@theglobeandmail.com,7054689396,89 Melby Parkway,6/14/2019,12/17/2021
699,Hillary,Pattinson,hpattinsonje@mit.edu,6089178613,790 Hovde Point,12/28/2018,12/10/2019
700,Abagail,Brotherick,abrotherickjf@slashdot.org,1724575114,7 Tennessee Plaza,5/5/2018,4/16/2020
701,Darby,Verdie,dverdiejg@macromedia.com,5937253286,91653 Coleman Court,11/9/2018,5/27/2021
702,Aubrey,Sainsbury,asainsburyjh@cpanel.net,1938163149,11 Harper Center,1/18/2020,7/27/2021
703,Bridie,Hugk,bhugkji@mayoclinic.com,2294381786,421 Glacier Hill Pass,1/29/2019,12/6/2021
704,Emmy,Lorkin,elorkinjj@phoca.cz,4564267443,928 Hoepker Terrace,11/8/2020,11/12/2020
705,Erek,Puckring,epuckringjk@woothemes.com,5691597306,64 Parkside Circle,9/9/2018,10/24/2019
706,Doti,Shaddick,dshaddickjl@pagesperso-orange.fr,4478779629,32562 Carberry Center,10/21/2018,4/13/2022
707,Ellette,Locock,elocockjm@sphinn.com,5776109654,2 Corscot Plaza,1/26/2018,4/23/2020
708,Isis,Ecles,ieclesjn@columbia.edu,5797817215,23 American Ash Drive,10/7/2020,11/5/2020
709,Sisile,Tanzig,stanzigjo@creativecommons.org,6922957513,44 Moose Drive,8/30/2019,5/21/2021
710,Ives,Hurn,ihurnjp@youtube.com,7996659297,0 Crownhardt Crossing,2/19/2018,12/24/2020
711,Carlos,Babbs,cbabbsjq@wikispaces.com,3792268779,6353 Muir Circle,7/5/2019,2/21/2020
712,Dode,Cantero,dcanterojr@nymag.com,6759348192,721 Reinke Drive,3/31/2019,11/8/2021
713,Emmerich,Isham,eishamjs@networksolutions.com,9086248641,35 Del Sol Crossing,5/10/2020,3/29/2022
714,Cecilia,Piccard,cpiccardjt@vistaprint.com,8403467740,299 Glacier Hill Road,6/9/2020,8/26/2020
715,Aida,Leyton,aleytonju@zimbio.com,9782074182,7 Hintze Junction,6/24/2018,2/13/2020
716,Devora,Duxbarry,dduxbarryjv@nationalgeographic.com,9269128880,05853 Manufacturers Hill,12/27/2020,7/10/2021
717,Parry,Vogeller,pvogellerjw@t-online.de,8844498137,604 Toban Crossing,4/17/2018,11/24/2020
718,Nerti,Cullen,ncullenjx@loc.gov,4887903730,666 Barby Plaza,9/6/2019,12/10/2021
719,Goldia,Fripp,gfrippjy@archive.org,4903761074,41 Oxford Crossing,8/18/2018,1/7/2022
720,Maria,Layton,mlaytonjz@weibo.com,9441024433,3722 Farwell Pass,12/27/2020,12/26/2021
721,Ailene,Cominotti,acominottik0@sogou.com,5801447162,9877 Scott Junction,1/13/2019,8/15/2020
722,Tandie,Haggith,thaggithk1@google.com.hk,2872532357,4 Brickson Park Junction,6/28/2018,1/6/2021
723,Angy,Kimbly,akimblyk2@nih.gov,8156584654,9 Merchant Hill,6/6/2020,2/11/2021
724,Edmon,Ackermann,eackermannk3@oakley.com,7091844284,8 Homewood Court,4/3/2018,11/20/2020
725,Hubie,Mainstone,hmainstonek4@java.com,3152741191,9726 Canary Court,3/6/2020,11/29/2021
726,Merry,Strutt,mstruttk5@pbs.org,7434513774,731 Ilene Park,12/21/2020,3/27/2020
727,Dodie,Di Bernardo,ddibernardok6@woothemes.com,5271982310,676 Scott Way,11/6/2017,2/18/2021
728,Mattias,Lesley,mlesleyk7@cnn.com,7172581900,68348 Kropf Crossing,1/26/2019,1/12/2021
729,Barbette,Thaller,bthallerk8@abc.net.au,1359481416,4 Linden Pass,8/14/2020,10/22/2021
730,Helene,Siberry,hsiberryk9@dropbox.com,7756092730,0641 Trailsway Plaza,3/8/2020,2/28/2020
731,Margarita,Axford,maxfordka@tiny.cc,9196867411,968 Iowa Hill,1/22/2019,2/18/2021
732,Lida,Blumsom,lblumsomkb@auda.org.au,2336715951,1880 Chive Street,8/22/2018,2/8/2022
733,Fletcher,Tree,ftreekc@wikipedia.org,1819810313,80 Union Lane,4/29/2020,4/20/2022
734,Margit,Laver,mlaverkd@patch.com,3664380822,644 Westport Circle,12/8/2018,12/20/2020
735,Amalee,Tomisch,atomischke@tuttocitta.it,3584178160,43027 Forest Dale Plaza,11/19/2017,2/6/2020
736,Nelia,Lennon,nlennonkf@live.com,6004672143,73896 Moose Street,11/18/2018,12/10/2021
737,Zea,Darch,zdarchkg@sitemeter.com,3191845333,708 Lillian Street,5/22/2020,3/14/2022
738,Fidel,Ingliby,finglibykh@bbc.co.uk,7065948875,6 Sullivan Circle,9/14/2019,6/16/2020
739,Winifield,Fenemore,wfenemoreki@mapy.cz,5624547947,95 Warner Terrace,9/29/2018,11/5/2019
740,Gypsy,Clough,gcloughkj@gmpg.org,1147202438,8 Melvin Place,8/20/2019,9/29/2020
741,Alvie,Pretorius,apretoriuskk@taobao.com,1451333108,4479 Oak Valley Center,6/11/2018,1/9/2020
742,Wilmette,Sebire,wsebirekl@wikispaces.com,4775464986,76 Maryland Road,11/11/2020,8/28/2020
743,Herc,Burkman,hburkmankm@shareasale.com,6361260936,2 Heath Place,10/14/2019,8/30/2020
744,Sena,Itzak,sitzakkn@multiply.com,1143812013,88 Ilene Crossing,7/3/2020,11/3/2019
745,Doe,O'Mannion,domannionko@cnbc.com,8522482117,8 Steensland Plaza,7/19/2020,2/2/2021
746,Jinny,MacKibbon,jmackibbonkp@smugmug.com,9598982571,99 Lakeland Place,2/8/2018,6/27/2020
747,Chloris,Blennerhassett,cblennerhassettkq@wired.com,3088296685,1 Schiller Hill,11/28/2017,2/8/2022
748,Gherardo,Shapiro,gshapirokr@hubpages.com,1791508685,170 Arrowood Avenue,11/29/2020,1/30/2021
749,Dulce,Legging,dleggingks@jiathis.com,6129199414,07492 Thompson Avenue,9/12/2018,1/24/2021
750,Carlynn,Gibberd,cgibberdkt@facebook.com,2988223325,0709 Harper Point,12/21/2019,2/12/2021
751,Dalila,Laraway,dlarawayku@tinyurl.com,9533777713,4293 Hoffman Junction,6/27/2019,4/10/2021
752,Sylvester,Cesaric,scesarickv@squidoo.com,6017951776,5 Forster Road,10/11/2019,1/15/2020
753,Gertie,Sowrah,gsowrahkw@jugem.jp,3766939600,66073 Ramsey Terrace,8/6/2020,2/1/2021
754,Audie,Ringham,aringhamkx@canalblog.com,5007358183,454 Montana Center,12/31/2017,10/11/2021
755,Bianka,Boc,bbocky@gmpg.org,9775946074,52 Gulseth Park,8/8/2019,3/6/2022
756,Rutledge,Hollibone,rhollibonekz@tamu.edu,9711047146,713 Mariners Cove Park,12/10/2018,6/19/2021
757,Silvester,McKeating,smckeatingl0@ovh.net,6092071670,7248 Dovetail Junction,7/26/2018,11/26/2020
758,Free,Skettles,fskettlesl1@accuweather.com,3863441990,86 La Follette Point,12/1/2020,3/13/2021
759,Thibaud,Darrigoe,tdarrigoel2@ihg.com,7577266781,02 Waxwing Street,6/5/2019,4/11/2020
760,Elinore,Gabrieli,egabrielil3@biblegateway.com,8484653056,91855 Doe Crossing Center,11/28/2020,3/20/2022
761,Calhoun,Sneller,csnellerl4@cpanel.net,5289609485,91 Shopko Circle,5/22/2018,3/21/2020
762,Gisella,Coultar,gcoultarl5@uiuc.edu,6147095946,804 Sunfield Drive,8/2/2019,5/16/2020
763,Theodore,Dahle,tdahlel6@redcross.org,3269190413,4453 Dryden Way,12/12/2020,7/16/2021
764,Bealle,Welsby,bwelsbyl7@yelp.com,3139783584,06 Holmberg Trail,5/22/2020,5/31/2020
765,Vittoria,Moverley,vmoverleyl8@wix.com,4221666613,5006 Mitchell Crossing,9/8/2018,7/25/2021
766,Cassie,MacAne,cmacanel9@1688.com,8042463697,637 Loomis Junction,10/14/2018,1/24/2021
767,Jackquelin,Nannizzi,jnannizzila@dagondesign.com,3828205142,7 8th Road,10/22/2018,10/29/2019
768,Sig,Grinishin,sgrinishinlb@umn.edu,4777690437,52 Old Shore Plaza,3/13/2019,8/8/2021
769,Tully,Orable,torablelc@printfriendly.com,9867404288,823 Glacier Hill Center,8/1/2019,1/3/2022
770,Avis,Matushevich,amatushevichld@mlb.com,6564071260,1946 Dwight Trail,1/28/2019,2/10/2021
771,Mercedes,Swatheridge,mswatheridgele@pbs.org,3546234162,7761 Forster Lane,3/17/2019,5/23/2021
772,Simone,Tatteshall,statteshalllf@facebook.com,7414776589,0 Drewry Drive,10/26/2017,8/10/2020
773,Teodora,Egleton,tegletonlg@printfriendly.com,8477161415,8751 Sheridan Road,12/5/2020,2/29/2020
774,Francine,Dallan,fdallanlh@free.fr,3893503389,38 American Ash Pass,4/13/2020,3/19/2021
775,Arluene,Hindshaw,ahindshawli@posterous.com,9178137185,43 Bunting Point,1/9/2018,6/2/2021
776,Evie,Laxton,elaxtonlj@istockphoto.com,2687306566,5 Mitchell Drive,2/28/2019,1/29/2021
777,Rayner,Railton,rrailtonlk@state.gov,4629343514,20 Washington Center,5/26/2019,7/18/2020
778,Christiano,Cattonnet,ccattonnetll@digg.com,9079521847,9786 Nobel Court,12/3/2019,12/18/2019
779,Ann-marie,Iacobassi,aiacobassilm@studiopress.com,2512400446,3 Hermina Trail,1/19/2018,10/11/2020
780,Masha,Whillock,mwhillockln@hostgator.com,3821502243,41497 Emmet Crossing,6/18/2018,3/29/2020
781,Elvyn,Mowsley,emowsleylo@wsj.com,1684611244,4 Barnett Road,3/18/2020,3/5/2020
782,Grier,Gilkes,ggilkeslp@arstechnica.com,4792139507,33538 Oxford Place,2/6/2018,8/9/2021
783,George,Dunbobbin,gdunbobbinlq@mozilla.org,4196286992,184 Sachs Court,6/22/2020,6/17/2021
784,Geoffry,Leggatt,gleggattlr@exblog.jp,3573471170,8 Arizona Parkway,12/31/2020,4/3/2021
785,Rosie,Colafate,rcolafatels@example.com,4744636803,01 Summit Avenue,9/3/2019,11/2/2020
786,Ignacio,Basant,ibasantlt@123-reg.co.uk,1197996608,0 Fairview Street,8/16/2018,8/25/2020
787,Artie,Pettus,apettuslu@soup.io,1155123577,5307 Mifflin Park,1/16/2019,1/15/2022
788,Dick,Rubenovic,drubenoviclv@mediafire.com,3098335040,838 Lukken Street,2/21/2019,7/29/2021
789,Luelle,Woodruff,lwoodrufflw@pcworld.com,9548142310,8 Prairie Rose Way,8/15/2018,3/13/2022
790,April,Elder,aelderlx@addtoany.com,5218976122,430 North Place,11/14/2020,9/5/2021
791,Monroe,Brunini,mbruninily@theguardian.com,7835243046,412 Linden Drive,7/20/2018,7/27/2021
792,Tiffie,Rubke,trubkelz@bandcamp.com,8457262429,3 Barby Terrace,11/18/2019,8/4/2021
793,Burk,Bendley,bbendleym0@bandcamp.com,2362126229,8 Green Street,1/13/2019,8/4/2021
794,Adria,Lerwill,alerwillm1@blogspot.com,7736399733,910 Carey Street,9/13/2020,9/4/2021
795,Whittaker,Hebard,whebardm2@ycombinator.com,1879081690,6 Dennis Crossing,8/9/2018,4/11/2020
796,Ciro,Daglish,cdaglishm3@etsy.com,2182871083,11315 Heffernan Trail,4/13/2019,12/25/2020
797,Shawn,Coey,scoeym4@gnu.org,7451644028,6724 Forest Dale Center,3/14/2020,4/21/2022
798,Trisha,Zavattari,tzavattarim5@live.com,2869263809,66 Bonner Road,2/15/2020,10/7/2021
799,Hedy,Jurisch,hjurischm6@upenn.edu,8983868793,0748 Dawn Plaza,7/7/2019,2/13/2022
800,Diann,Pirot,dpirotm7@drupal.org,1406551438,946 Mesta Park,9/19/2020,1/24/2022
801,Ernesto,Lapwood,elapwoodm8@booking.com,9761149071,94 Bayside Pass,9/13/2020,2/14/2021
802,Brigid,Frondt,bfrondtm9@whitehouse.gov,4939109169,6757 6th Center,12/7/2019,8/24/2021
803,Korey,Allwood,kallwoodma@so-net.ne.jp,6431939518,79 Dottie Drive,8/20/2019,6/9/2020
804,Lila,Spellicy,lspellicymb@163.com,7975729327,53 Buena Vista Way,12/9/2019,11/22/2019
805,Rosy,Kierans,rkieransmc@mediafire.com,3766290226,18 Nelson Hill,10/21/2020,1/16/2022
806,Abra,Tomasek,atomasekmd@hexun.com,4162589822,663 Boyd Junction,4/21/2019,9/4/2020
807,Keri,Lapwood,klapwoodme@posterous.com,6525100399,1 Lakeland Park,9/30/2020,5/9/2021
808,Meredeth,Fozard,mfozardmf@naver.com,9335669828,3 Warbler Center,5/24/2018,11/26/2020
809,Reggie,Downing,rdowningmg@tmall.com,4048749158,23 Dunning Crossing,3/1/2020,11/4/2020
810,Cordie,Branscomb,cbranscombmh@boston.com,9656773591,37 Aberg Point,12/10/2019,10/16/2021
811,Belva,Amott,bamottmi@cocolog-nifty.com,2912352221,85 Huxley Alley,10/7/2019,9/12/2020
812,Arda,Kenwin,akenwinmj@infoseek.co.jp,6425780615,36 Waubesa Trail,10/31/2017,1/29/2020
813,Rowan,Donet,rdonetmk@youku.com,9729283313,25 Union Avenue,3/1/2019,1/10/2021
814,Carmine,Tantrum,ctantrumml@illinois.edu,9387514592,2 Old Shore Court,2/4/2018,7/22/2020
815,Woodrow,Moriarty,wmoriartymm@oaic.gov.au,3604311063,98 Scoville Plaza,8/14/2019,2/7/2021
816,Ferdy,Millea,fmilleamn@ycombinator.com,3192626275,07 Toban Lane,3/13/2018,8/30/2020
817,Batsheva,Donke,bdonkemo@linkedin.com,5493559602,9388 Hauk Point,9/16/2020,11/25/2019
818,Zack,Woolvett,zwoolvettmp@npr.org,7789825304,6141 Forest Run Parkway,9/22/2018,8/6/2020
819,Hermann,Cicccitti,hcicccittimq@irs.gov,3689306775,5 Oak Place,2/5/2018,8/30/2020
820,Pippy,Louder,ploudermr@businessweek.com,6559635430,26 Debs Junction,7/8/2020,11/1/2020
821,Taddeusz,Abela,tabelams@purevolume.com,8103537270,331 Park Meadow Hill,9/6/2019,2/27/2022
822,Caria,Cluatt,ccluattmt@goo.gl,2739622712,934 Sherman Center,12/13/2018,8/27/2021
823,Carree,Pulman,cpulmanmu@ucla.edu,8125899806,38603 Derek Junction,1/19/2018,4/11/2021
824,Hamel,Giorgielli,hgiorgiellimv@sciencedaily.com,4996983098,803 Fuller Avenue,8/19/2018,12/15/2021
825,Donn,Curtiss,dcurtissmw@1und1.de,8989089516,477 Acker Crossing,8/21/2019,12/20/2021
826,Cathi,Croney,ccroneymx@google.com.br,5243717211,0 Sommers Hill,1/8/2019,1/18/2021
827,Desmund,Tallon,dtallonmy@sitemeter.com,4754774837,1219 Del Sol Plaza,3/1/2019,6/29/2021
828,Lara,Lilburn,llilburnmz@gnu.org,3057111386,35337 Cascade Court,3/12/2020,5/24/2021
829,Susannah,Ogelbe,sogelben0@youtu.be,8062724364,76 Laurel Crossing,11/30/2018,11/4/2020
830,Koo,Wycliffe,kwycliffen1@reddit.com,2953422955,34918 Kenwood Park,11/12/2019,1/27/2021
831,Charmine,Glason,cglasonn2@edublogs.org,1357960809,55 Gulseth Pass,7/6/2019,1/4/2021
832,Hazlett,Mozzi,hmozzin3@aol.com,9327657680,624 Park Meadow Road,3/31/2019,3/30/2020
833,Johnath,Stickles,jsticklesn4@dedecms.com,6452444997,59 Hoffman Road,11/27/2019,10/17/2021
834,Perry,Mangenet,pmangenetn5@php.net,5032374080,0227 Canary Avenue,12/8/2020,3/28/2022
835,Aguie,McGilmartin,amcgilmartinn6@e-recht24.de,6354167025,1424 Declaration Way,5/28/2019,5/6/2021
836,Phillis,Dowrey,pdowreyn7@imageshack.us,7981779635,67 Merry Pass,10/7/2019,4/22/2021
837,Hillier,Callacher,hcallachern8@simplemachines.org,6345867533,85 Springview Center,9/23/2018,6/25/2020
838,Queenie,Enticknap,qenticknapn9@miitbeian.gov.cn,6573395040,450 Oneill Trail,3/20/2018,2/9/2021
839,Rolf,Doncaster,rdoncasterna@oakley.com,6577014214,2050 Buell Point,11/28/2018,5/20/2021
840,Kaia,Hayford,khayfordnb@noaa.gov,2491133799,07170 International Terrace,3/23/2020,4/4/2022
841,Sheila-kathryn,Nuccitelli,snuccitellinc@cmu.edu,4717004559,440 Macpherson Road,11/4/2018,9/11/2020
842,Jaimie,Yaknov,jyaknovnd@flavors.me,3924490563,379 Paget Drive,3/10/2018,12/3/2019
843,Abbe,Goscomb,agoscombne@mail.ru,9851729743,04811 Charing Cross Alley,12/15/2020,9/19/2020
844,Boothe,Gainor,bgainornf@army.mil,4992572273,8 Grayhawk Park,2/27/2020,6/29/2021
845,Netti,Bassano,nbassanong@nps.gov,6185924385,24657 Mifflin Court,1/21/2018,11/20/2020
846,Alexine,Dilrew,adilrewnh@sakura.ne.jp,3007327599,071 Elka Point,12/5/2017,4/10/2021
847,Niles,Brockie,nbrockieni@ftc.gov,2297856571,84448 Menomonie Drive,7/18/2018,12/22/2021
848,Vinson,Betje,vbetjenj@vk.com,9567351498,233 Elgar Terrace,5/22/2020,11/18/2021
849,Valma,Reddin,vreddinnk@4shared.com,4447609283,3 Corry Alley,10/22/2018,11/29/2021
850,Catlaina,Diano,cdianonl@uol.com.br,5287523302,59910 Toban Park,9/23/2020,4/17/2021
851,Carree,Constable,cconstablenm@flavors.me,6197416334,4406 Crescent Oaks Parkway,8/29/2018,9/24/2021
852,Sayres,Kerwen,skerwennn@studiopress.com,3783774557,59 Pawling Hill,9/9/2019,7/19/2021
853,Anjela,Aikman,aaikmanno@prweb.com,1591234202,6838 Thackeray Point,11/11/2019,9/2/2021
854,Giffer,Grand,ggrandnp@omniture.com,6479158463,3882 Towne Lane,3/11/2019,10/28/2021
855,Lee,Frarey,lfrareynq@pcworld.com,8127524043,1 Lawn Road,11/18/2017,8/7/2021
856,Adriano,Brun,abrunnr@1688.com,5498025859,81 Esker Way,9/18/2020,4/20/2022
857,Rianon,Hinze,rhinzens@addthis.com,3624094944,8250 Manitowish Pass,8/15/2019,1/21/2020
858,Skip,Vian,sviannt@ocn.ne.jp,6256818134,34476 Farmco Trail,12/5/2019,1/2/2021
859,Elihu,Coxhead,ecoxheadnu@mashable.com,2896155415,2894 Commercial Lane,11/24/2019,11/17/2019
860,Hyacintha,Raspel,hraspelnv@last.fm,1396053955,82161 Fair Oaks Lane,5/16/2020,9/11/2020
861,Petrina,Woodington,pwoodingtonnw@oracle.com,4776787985,5 American Ash Circle,10/29/2019,12/26/2019
862,Dusty,Gaspar,dgasparnx@mozilla.org,6096226257,63 Nevada Road,4/28/2018,9/5/2021
863,Cordy,Marcum,cmarcumny@reverbnation.com,3074076110,7 Michigan Place,1/3/2021,10/31/2020
864,Errol,Sprague,espraguenz@newyorker.com,1158687001,165 Glendale Drive,10/7/2019,5/10/2020
865,Pierette,Koop,pkoopo0@nasa.gov,9487097462,9 Ramsey Pass,1/9/2018,8/12/2021
866,Balduin,Mardall,bmardallo1@hostgator.com,6561503573,490 Mallory Plaza,2/19/2019,3/9/2020
867,Kingsley,Corp,kcorpo2@wsj.com,8043800957,30 Namekagon Hill,6/25/2020,3/2/2022
868,Guido,Schubbert,gschubberto3@hhs.gov,8325735542,9 Warner Point,1/21/2018,11/13/2019
869,Jabez,Bench,jbencho4@wordpress.org,6039294436,71702 Pleasure Court,8/5/2020,5/18/2020
870,Hedwiga,Cossell,hcossello5@shareasale.com,1047349759,02670 Corry Trail,8/16/2019,8/6/2020
871,Derry,Wyne,dwyneo6@walmart.com,6064666405,43 Roxbury Street,4/17/2018,6/13/2020
872,Zondra,Gallgher,zgallghero7@constantcontact.com,2076637893,850 Bartelt Alley,12/17/2017,10/1/2021
873,Letitia,Burniston,lburnistono8@paginegialle.it,8552979777,5 Kinsman Way,3/21/2018,2/15/2020
874,Ofella,Fransewich,ofransewicho9@businesswire.com,7154946572,9352 Rusk Drive,2/25/2020,1/23/2021
875,Demetre,Mullin,dmullinoa@dyndns.org,6199134257,4 Sachs Parkway,3/19/2020,7/7/2021
876,Elvin,Arniz,earnizob@vinaora.com,6846618204,8178 Mockingbird Crossing,1/6/2018,9/17/2020
877,Shea,Delahunt,sdelahuntoc@sphinn.com,6875063109,48 Almo Road,9/13/2020,6/10/2020
878,Sollie,Willerton,swillertonod@hexun.com,3833463341,2888 American Ash Pass,12/19/2017,4/19/2021
879,Helga,Skelington,hskelingtonoe@tuttocitta.it,2673808661,4 Susan Terrace,11/29/2018,12/9/2020
880,Meade,Quakley,mquakleyof@ehow.com,7648800754,5169 Pawling Road,4/28/2018,3/30/2021
881,Seward,Ellsworthe,sellswortheog@domainmarket.com,6437384191,88 Mccormick Avenue,3/28/2019,8/29/2021
882,Elysee,Osbiston,eosbistonoh@a8.net,5765694183,29 Cordelia Road,9/9/2020,6/2/2021
883,Vernor,Semor,vsemoroi@unc.edu,7949341269,84 Lakewood Gardens Street,11/17/2018,5/28/2021
884,Pierette,Ruxton,pruxtonoj@berkeley.edu,9424728554,78424 Elka Terrace,5/17/2019,5/12/2020
885,Verena,Posselwhite,vposselwhiteok@engadget.com,9438035659,57 Portage Junction,3/12/2020,7/6/2020
886,Beale,Furmage,bfurmageol@github.io,5712951576,78326 Hermina Pass,6/6/2020,3/12/2022
887,Morley,Dankersley,mdankersleyom@miitbeian.gov.cn,2409546351,7413 Anthes Circle,5/18/2019,4/13/2021
888,Nikolaos,Vecard,nvecardon@dedecms.com,7817463336,8505 Vidon Way,11/24/2020,12/7/2021
889,Madlen,Harnett,mharnettoo@wordpress.org,4312481393,3 Mariners Cove Pass,8/3/2018,3/14/2021
890,Corabel,Boutwell,cboutwellop@noaa.gov,7592912962,02235 Sloan Lane,5/26/2020,12/21/2021
891,Glen,Hartell,ghartelloq@hostgator.com,4725810866,9 Dottie Avenue,1/28/2019,11/11/2021
892,Lexi,Wellwood,lwellwoodor@soup.io,1144471958,87231 Gulseth Street,6/29/2019,2/13/2022
893,Reina,Ryan,rryanos@paypal.com,4846959238,553 Saint Paul Terrace,9/28/2020,12/31/2021
894,Hermione,Emblin,hemblinot@cnet.com,6099204405,2 Vermont Trail,6/29/2020,9/2/2021
895,Alvan,Hayhoe,ahayhoeou@paypal.com,5208455888,2 Rieder Crossing,3/3/2019,3/14/2022
896,Kristal,Duplain,kduplainov@redcross.org,9079164640,13783 Ronald Regan Terrace,3/17/2018,8/31/2020
897,Urson,Slateford,uslatefordow@vk.com,6196087226,22398 Cherokee Pass,5/13/2019,9/18/2020
898,Harriet,Davidwitz,hdavidwitzox@engadget.com,6093618412,2 Towne Junction,3/26/2020,11/11/2019
899,Enid,Bellows,ebellowsoy@is.gd,9235042279,3 Grasskamp Center,12/13/2017,12/13/2019
900,Vallie,Kulicke,vkulickeoz@mapy.cz,7969301546,36429 Westport Point,3/8/2018,12/25/2021
901,Shawna,O'Hogertie,sohogertiep0@usa.gov,1335123864,8567 Forest Run Lane,3/24/2019,5/22/2021
902,Katharina,Martt,kmarttp1@cocolog-nifty.com,2399608851,89093 Brown Circle,11/6/2017,4/3/2022
903,Roseanne,Sugden,rsugdenp2@issuu.com,6476206618,6249 Autumn Leaf Junction,3/27/2018,11/18/2021
904,Homerus,Ruffell,hruffellp3@upenn.edu,5135956082,97810 Oak Way,1/5/2020,10/5/2021
905,Sheelah,Robertson,srobertsonp4@digg.com,1456418035,24489 Arrowood Parkway,2/2/2020,10/6/2020
906,Mace,Spritt,msprittp5@rakuten.co.jp,9841198649,7586 Bashford Drive,1/13/2019,6/22/2021
907,Felix,Kikke,fkikkep6@craigslist.org,3308439667,78502 Shelley Lane,3/9/2020,6/9/2021
908,Rhodia,Walliker,rwallikerp7@springer.com,8733054024,01 Donald Alley,4/13/2020,11/13/2019
909,Sawyer,Vanns,svannsp8@scientificamerican.com,8848712745,8 Autumn Leaf Center,1/14/2018,3/4/2020
910,Brion,Meijer,bmeijerp9@elegantthemes.com,8064062798,677 Fisk Place,4/13/2019,12/25/2021
911,Jenny,Frayne,jfraynepa@mayoclinic.com,5339283054,912 Hagan Road,7/16/2018,4/8/2022
912,Thelma,Fairs,tfairspb@cocolog-nifty.com,9858343828,8348 Anzinger Circle,9/11/2019,8/20/2020
913,Herve,Pinare,hpinarepc@webeden.co.uk,8587391517,29649 Bayside Court,3/8/2018,12/20/2020
914,Farrell,Scallan,fscallanpd@hatena.ne.jp,9884603870,298 Porter Pass,2/17/2020,9/8/2021
915,Abbye,Batten,abattenpe@barnesandnoble.com,5452095996,1175 Ilene Road,7/9/2019,5/29/2020
916,Wallie,Fretter,wfretterpf@dailymotion.com,9094170067,777 Washington Way,4/27/2018,2/22/2021
917,Aristotle,Semper,asemperpg@yahoo.co.jp,9632653805,62 Nobel Park,9/29/2020,7/22/2021
918,Grange,Feldmann,gfeldmannph@google.nl,6864140387,01 Red Cloud Trail,11/11/2020,5/25/2020
919,Leia,Emptage,lemptagepi@facebook.com,1562871884,6 Blackbird Parkway,3/6/2020,11/1/2019
920,Gerard,Cours,gcourspj@google.com.br,7782065835,8264 Jay Trail,6/25/2020,10/4/2021
921,Geraldine,Hickeringill,ghickeringillpk@ibm.com,5721456816,6755 Prentice Junction,7/17/2020,12/6/2021
922,Jonis,Ferraro,jferraropl@wikipedia.org,4798972580,64550 Truax Street,5/3/2018,12/13/2019
923,Etheline,Downing,edowningpm@miibeian.gov.cn,2696511109,3 Maywood Terrace,11/17/2018,11/8/2019
924,Colan,Geillier,cgeillierpn@salon.com,9726091506,20002 Elka Parkway,11/22/2017,5/11/2021
925,Kathryne,Plaister,kplaisterpo@huffingtonpost.com,5388290498,38 Rutledge Terrace,7/6/2018,10/1/2020
926,Celesta,Damiral,cdamiralpp@hp.com,5198964565,73722 Banding Crossing,11/14/2017,9/22/2021
927,Feodor,Tingley,ftingleypq@cbc.ca,4909496561,36 Forest Lane,4/8/2020,12/23/2020
928,Babbette,Asgodby,basgodbypr@auda.org.au,1946103706,163 Lighthouse Bay Drive,10/8/2019,8/22/2020
929,Josh,Bolton,jboltonps@google.co.uk,1085163939,7687 Buell Hill,10/28/2020,5/22/2020
930,Kip,Talby,ktalbypt@hibu.com,2681047765,24 7th Lane,11/22/2019,5/15/2021
931,Sella,Zylberdik,szylberdikpu@ca.gov,4735728009,10 Lake View Parkway,6/25/2019,9/29/2020
932,Sigvard,Newbold,snewboldpv@wunderground.com,2838312666,5 Armistice Plaza,10/11/2018,4/20/2020
933,Olva,Gosalvez,ogosalvezpw@quantcast.com,7373349546,06644 Dawn Way,11/26/2018,1/14/2021
934,Rosabelle,Hardeman,rhardemanpx@buzzfeed.com,3287879207,64 North Crossing,3/3/2020,2/8/2022
935,Torrie,Facey,tfaceypy@tripadvisor.com,4563091201,6876 Sheridan Way,1/17/2018,7/24/2021
936,Lay,Keenan,lkeenanpz@ning.com,4626173986,41112 Vermont Plaza,5/13/2020,4/16/2021
937,Cassaundra,Kaufman,ckaufmanq0@de.vu,2187088867,585 Brown Plaza,5/28/2019,5/21/2020
938,Hersch,Cherry Holme,hcherryholmeq1@forbes.com,4644723163,66 Marquette Parkway,9/26/2018,3/4/2020
939,Augustin,Petrolli,apetrolliq2@unesco.org,6108052665,72 Redwing Lane,1/3/2019,8/24/2020
940,Mackenzie,Toffolo,mtoffoloq3@hexun.com,3769841233,28 Park Meadow Junction,3/15/2019,11/24/2021
941,Elwira,Moynihan,emoynihanq4@tiny.cc,1127035078,4 Starling Alley,4/18/2020,1/27/2021
942,Rip,Fransseni,rfransseniq5@miibeian.gov.cn,3895404130,3 Grover Center,3/11/2019,6/25/2021
943,Shannon,Panton,spantonq6@illinois.edu,5206366729,494 Colorado Plaza,6/12/2019,11/2/2021
944,Neville,Weldrake,nweldrakeq7@goo.gl,2967526812,1 Wayridge Lane,5/24/2018,1/3/2022
945,Paddie,Shortan,pshortanq8@fastcompany.com,8702124490,8416 Shasta Court,12/5/2017,2/23/2022
946,Harriett,Traviss,htravissq9@yellowbook.com,7561210039,636 Shoshone Lane,3/27/2018,1/28/2020
947,Fraser,Vamplus,fvamplusqa@auda.org.au,2076530047,88051 Grayhawk Terrace,5/4/2019,4/26/2020
948,Richmound,Mulqueen,rmulqueenqb@clickbank.net,8052701125,2 Novick Park,11/18/2018,11/18/2020
949,Flem,Semerad,fsemeradqc@bandcamp.com,8367241464,0103 Graedel Drive,8/7/2020,3/6/2020
950,Kameko,Drohane,kdrohaneqd@liveinternet.ru,6591442798,67 Stuart Alley,6/21/2018,7/8/2021
951,Marcille,Dollard,mdollardqe@ox.ac.uk,6581208550,35 Fair Oaks Trail,2/5/2020,3/31/2020
952,Caldwell,Aucourte,caucourteqf@admin.ch,9497998684,39502 Mallard Park,7/7/2018,4/12/2022
953,Hestia,Demogeot,hdemogeotqg@weather.com,6477914071,804 American Ash Junction,4/15/2019,6/6/2021
954,Ralf,Hodgets,rhodgetsqh@smugmug.com,3537545684,058 Troy Pass,5/1/2018,2/24/2020
955,Ailina,Sangster,asangsterqi@fastcompany.com,7061709704,8266 Hoepker Crossing,4/17/2019,8/31/2021
956,Bancroft,Laydel,blaydelqj@wired.com,8354027732,52 Vernon Lane,1/26/2018,2/3/2020
957,Bank,Christer,bchristerqk@youtube.com,6871022767,0 Express Place,4/3/2019,3/21/2022
958,Emerson,Stolli,estolliql@geocities.com,9657092444,30666 Erie Parkway,9/7/2018,3/4/2021
959,Peg,Santi,psantiqm@utexas.edu,9868076901,07 Raven Center,10/16/2019,12/9/2020
960,Maggy,Rigglesford,mrigglesfordqn@shutterfly.com,4891195354,7 Mandrake Way,12/4/2017,3/8/2021
961,Tabbie,Grog,tgrogqo@facebook.com,1555184010,1149 Ronald Regan Pass,12/12/2018,12/6/2021
962,Stella,Jagger,sjaggerqp@si.edu,2254982428,07 Brentwood Junction,4/15/2018,1/7/2021
963,Catherina,Flury,cfluryqq@com.com,2727275716,62 Evergreen Plaza,4/23/2018,11/26/2021
964,Tamarah,Goodie,tgoodieqr@oracle.com,9482131136,331 Katie Street,11/18/2019,4/20/2020
965,Carlye,Arnet,carnetqs@merriam-webster.com,9954611853,29664 Mcguire Point,2/3/2019,2/12/2020
966,Dynah,Rangeley,drangeleyqt@behance.net,8809448113,13325 Meadow Ridge Street,10/26/2018,11/11/2021
967,Aloysius,Kinnie,akinniequ@flavors.me,9162049297,5022 2nd Lane,12/31/2018,3/6/2021
968,Ashlan,Burniston,aburnistonqv@wikispaces.com,5967038581,589 Anderson Parkway,8/5/2018,2/13/2022
969,Tiffy,Falkner,tfalknerqw@taobao.com,5176896232,6 Jenna Parkway,8/6/2019,4/18/2020
970,Randie,Chesters,rchestersqx@studiopress.com,2286655686,0263 Sauthoff Parkway,8/18/2019,1/1/2020
971,Mehetabel,Colt,mcoltqy@smh.com.au,8758452228,0 Shopko Terrace,9/18/2018,11/5/2019
972,Gabriel,Gillani,ggillaniqz@ning.com,3565310887,07659 Almo Road,12/11/2017,1/17/2020
973,Angelique,Kleuer,akleuerr0@gnu.org,9805024404,012 Dawn Point,6/19/2020,11/16/2021
974,Chandra,Lansley,clansleyr1@cnn.com,7062899988,173 Waubesa Lane,10/19/2017,12/22/2019
975,Kati,Agius,kagiusr2@kickstarter.com,3404435080,92 Washington Park,10/31/2020,10/13/2021
976,Bonnie,Staynes,bstaynesr3@creativecommons.org,7933712795,7999 Loeprich Crossing,11/18/2020,11/14/2021
977,Hamel,Zoephel,hzoephelr4@house.gov,9698684594,81973 Leroy Terrace,9/14/2019,1/30/2022
978,Erl,Linnemann,elinnemannr5@amazon.co.jp,3387863746,77 Carey Crossing,8/21/2020,6/17/2021
979,Karita,Bugge,kbugger6@drupal.org,8138056077,4683 Monument Trail,9/23/2020,8/19/2021
980,Neely,Guichard,nguichardr7@cafepress.com,7077724032,29 Lillian Court,6/22/2020,12/5/2020
981,Meier,Slatter,mslatterr8@diigo.com,6761394081,1109 Troy Center,1/12/2018,11/9/2019
982,Rossie,Farry,rfarryr9@booking.com,6949442525,9475 Ohio Center,12/15/2018,11/30/2019
983,Rolando,Brouncker,rbrounckerra@51.la,3516613574,3 2nd Parkway,1/4/2018,6/8/2021
984,Burch,Catlin,bcatlinrb@vk.com,2818325962,22491 Transport Drive,2/23/2020,7/26/2020
985,Louella,Camacke,lcamackerc@purevolume.com,3038994066,117 Westport Place,5/17/2019,8/5/2020
986,Ronnie,Siggers,rsiggersrd@geocities.com,8482529934,08449 Westerfield Trail,11/24/2017,1/16/2022
987,Mandel,Wessing,mwessingre@infoseek.co.jp,9481299175,82280 Lunder Parkway,9/19/2020,4/24/2020
988,Sacha,Nossent,snossentrf@ibm.com,6745170380,04745 Raven Junction,12/24/2020,12/10/2021
989,Dickie,Kubatsch,dkubatschrg@ftc.gov,4928369058,11 Mccormick Terrace,4/12/2018,2/11/2022
990,Kearney,Ouldred,kouldredrh@prlog.org,5288330123,24077 Loomis Lane,2/11/2020,1/4/2022
991,Tamma,Fairlaw,tfairlawri@geocities.jp,5466265936,0 Anthes Avenue,1/31/2019,2/16/2021
992,Darla,Petrasso,dpetrassorj@intel.com,1296276448,88730 Elmside Trail,11/21/2017,12/26/2021
993,Sibelle,Maxfield,smaxfieldrk@answers.com,4657835053,7 Farwell Point,12/10/2017,12/19/2020
994,Angil,Penright,apenrightrl@stumbleupon.com,1416526653,487 Sycamore Junction,8/7/2019,4/14/2020
995,Yanaton,Gulleford,ygullefordrm@cpanel.net,3137706673,9 Farmco Alley,12/18/2019,8/27/2021
996,Tallie,Pollington,tpollingtonrn@google.com.br,1476021385,497 Fallview Place,8/16/2018,11/14/2020
997,Atalanta,Bartol,abartolro@va.gov,2082456752,3 Park Meadow Point,8/14/2019,2/18/2022
998,Germain,Grigoryov,ggrigoryovrp@github.io,4581355801,33 Sundown Center,5/30/2020,1/2/2022
999,Sher,Tesche,stescherq@blogs.com,8605507441,5 Mosinee Junction,10/1/2020,1/18/2022
1000,Ann,Colby,acolbyrr@topsy.com,6062269956,1522 Burning Wood Plaza,9/10/2019,2/23/2021
